Date,News_Raw_Score,News_Volume
2013-01-02,0.52771,6
2013-01-03,0.532336,9
2013-01-04,0.516834,2
2013-01-06,0.550992,1
2013-01-07,0.532358,3
2013-01-08,0.47104,1
2013-01-09,0.501246,2
2013-01-10,0.514279,5
2013-01-11,0.512866,5
2013-01-12,0.54996,1
2013-01-13,0.524292,1
2013-01-14,0.50707,3
2013-01-15,0.479669,3
2013-01-16,0.519857,4
2013-01-17,0.504799,12
2013-01-18,0.519308,4
2013-01-19,0.515217,1
2013-01-21,0.502728,3
2013-01-23,0.5023,3
2013-01-24,0.490797,3
2013-01-25,0.464428,1
2013-01-28,0.468076,3
2013-01-29,0.538034,2
2013-01-31,0.537679,2
2013-02-01,0.454403,1
2013-02-04,0.526289,3
2013-02-05,0.521804,2
2013-02-06,0.526701,6
2013-02-07,0.527046,2
2013-02-08,0.515024,2
2013-02-14,0.532406,1
2013-02-20,0.510988,1
2013-02-21,0.440833,1
2013-02-22,0.489166,2
2013-02-23,0.512618,2
2013-02-25,0.528436,2
2013-02-26,0.504303,2
2013-02-27,0.49945,6
2013-03-01,0.508667,2
2013-03-04,0.504176,3
2013-03-05,0.50738,1
2013-03-06,0.502195,2
2013-03-08,0.47987,4
2013-03-11,0.454776,1
2013-03-12,0.468672,2
2013-03-13,0.491073,2
2013-03-14,0.519579,3
2013-03-15,0.506433,2
2013-03-18,0.510982,1
2013-03-19,0.523026,3
2013-03-20,0.486647,5
2013-03-21,0.513292,5
2013-03-22,0.520111,4
2013-03-25,0.509802,3
2013-03-26,0.504028,4
2013-03-27,0.50557,6
2013-03-28,0.515787,3
2013-03-29,0.504877,1
2013-04-01,0.49494,3
2013-04-02,0.502998,5
2013-04-09,0.486401,6
2013-04-10,0.507999,3
2013-04-11,0.504043,9
2013-04-12,0.47971,1
2013-04-15,0.498137,3
2013-04-16,0.511242,3
2013-04-17,0.496552,3
2013-04-18,0.528592,13
2013-04-19,0.521697,25
2013-04-20,0.497915,5
2013-04-22,0.513146,7
2013-04-23,0.498826,6
2013-04-24,0.510044,3
2013-04-25,0.482014,3
2013-04-26,0.510429,3
2013-04-27,0.519401,2
2013-04-29,0.515634,3
2013-04-30,0.503428,4
2013-05-02,0.527789,2
2013-05-03,0.52555,3
2013-05-06,0.471163,1
2013-05-07,0.484142,3
2013-05-08,0.533229,6
2013-05-09,0.542163,2
2013-05-10,0.532282,4
2013-05-13,0.511028,3
2013-05-14,0.526001,2
2013-05-22,0.506151,2
2013-05-23,0.451501,2
2013-05-24,0.499298,4
2013-05-25,0.512147,1
2013-05-27,0.516715,4
2013-05-28,0.528064,4
2013-05-29,0.499934,2
2013-05-30,0.509944,3
2013-06-03,0.537302,2
2013-06-04,0.509705,4
2013-06-05,0.527054,2
2013-06-07,0.504653,1
2013-06-09,0.514925,1
2013-06-10,0.547077,2
2013-06-11,0.505905,5
2013-06-13,0.495905,2
2013-06-14,0.459602,1
2013-06-17,0.508486,1
2013-06-18,0.523194,2
2013-06-21,0.521785,2
2013-06-24,0.49892,2
2013-06-26,0.529428,1
2013-06-29,0.497655,4
2013-07-01,0.514751,2
2013-07-02,0.471599,2
2013-07-03,0.460966,7
2013-07-04,0.498946,2
2013-07-05,0.521055,3
2013-07-06,0.468904,1
2013-07-08,0.505189,2
2013-07-09,0.509703,1
2013-07-10,0.512756,5
2013-07-11,0.506687,3
2013-07-12,0.510284,3
2013-07-15,0.504869,3
2013-07-17,0.461757,1
2013-07-18,0.489675,10
2013-07-19,0.466501,15
2013-07-20,0.47158,2
2013-07-22,0.480427,4
2013-07-23,0.514035,7
2013-07-24,0.516015,4
2013-07-29,0.471368,1
2013-07-31,0.524881,2
2013-08-01,0.500638,2
2013-08-05,0.515019,3
2013-08-06,0.486365,2
2013-08-07,0.526805,1
2013-08-08,0.450278,1
2013-08-09,0.494981,5
2013-08-10,0.505366,2
2013-08-12,0.503309,1
2013-08-13,0.552807,1
2013-08-14,0.491022,1
2013-08-15,0.552644,1
2013-08-17,0.496735,1
2013-08-19,0.518508,2
2013-08-20,0.517365,1
2013-08-22,0.514462,2
2013-08-23,0.517367,5
2013-08-24,0.526063,2
2013-08-26,0.532843,3
2013-08-28,0.511501,7
2013-08-30,0.516194,3
2013-09-02,0.515446,7
2013-09-03,0.506768,1
2013-09-04,0.488761,2
2013-09-07,0.532404,1
2013-09-10,0.522515,2
2013-09-11,0.516954,1
2013-09-12,0.539805,1
2013-09-13,0.522925,1
2013-09-15,0.544732,1
2013-09-16,0.511768,1
2013-09-17,0.516373,2
2013-09-18,0.540809,1
2013-09-21,0.501533,1
2013-09-23,0.517321,5
2013-09-25,0.504652,1
2013-09-26,0.504204,1
2013-09-27,0.498723,1
2013-09-28,0.519234,1
2013-09-29,0.515708,2
2013-09-30,0.500461,5
2013-10-01,0.496932,4
2013-10-02,0.528411,1
2013-10-03,0.532288,9
2013-10-04,0.516208,4
2013-10-05,0.500379,1
2013-10-07,0.520794,2
2013-10-09,0.543398,2
2013-10-11,0.450797,1
2013-10-12,0.530245,3
2013-10-14,0.482792,3
2013-10-15,0.502271,1
2013-10-16,0.514725,2
2013-10-17,0.507934,8
2013-10-18,0.520447,7
2013-10-19,0.532146,3
2013-10-21,0.515068,4
2013-10-22,0.5182,1
2013-10-24,0.473992,1
2013-10-25,0.472,1
2013-10-28,0.504249,3
2013-10-29,0.522273,1
2013-11-01,0.534996,1
2013-11-05,0.575827,1
2013-11-08,0.460945,1
2013-11-09,0.507162,6
2013-11-10,0.503702,1
2013-11-11,0.508108,1
2013-11-12,0.511912,4
2013-11-13,0.49797,3
2013-11-14,0.516113,3
2013-11-15,0.508478,2
2013-11-17,0.505426,1
2013-11-19,0.530399,1
2013-11-21,0.452523,2
2013-11-23,0.501887,1
2013-11-25,0.502323,5
2013-11-26,0.514857,4
2013-11-27,0.521995,3
2013-11-28,0.514886,3
2013-12-02,0.512343,1
2013-12-03,0.542461,2
2013-12-04,0.486355,3
2013-12-05,0.512789,1
2013-12-06,0.522308,1
2013-12-10,0.513575,4
2013-12-11,0.507718,4
2013-12-12,0.521932,4
2013-12-13,0.507641,2
2013-12-18,0.494294,3
2013-12-19,0.518126,2
2013-12-20,0.501923,1
2013-12-23,0.515247,1
2013-12-24,0.517158,6
2013-12-25,0.495147,1
2013-12-30,0.496642,1
2014-01-03,0.521423,1
2014-01-06,0.515699,1
2014-01-07,0.523283,1
2014-01-10,0.503059,5
2014-01-13,0.49258,6
2014-01-14,0.515048,4
2014-01-15,0.487475,2
2014-01-16,0.512464,12
2014-01-17,0.514047,5
2014-01-22,0.464085,1
2014-01-24,0.509206,1
2014-01-25,0.523786,1
2014-02-03,0.537287,1
2014-02-07,0.525249,2
2014-02-08,0.533617,2
2014-02-10,0.516115,4
2014-02-11,0.493247,1
2014-02-13,0.500682,2
2014-02-14,0.51128,4
2014-02-18,0.526172,2
2014-02-19,0.515665,2
2014-02-21,0.520722,1
2014-02-24,0.493371,2
2014-02-25,0.514123,1
2014-02-27,0.497802,1
2014-03-03,0.521636,2
2014-03-04,0.511632,3
2014-03-05,0.542087,1
2014-03-06,0.520093,3
2014-03-08,0.498065,1
2014-03-10,0.508965,3
2014-03-11,0.501392,3
2014-03-12,0.498796,2
2014-03-13,0.526744,5
2014-03-14,0.502666,2
2014-03-18,0.481829,2
2014-03-19,0.517412,1
2014-03-20,0.521666,2
2014-03-24,0.457967,1
2014-03-25,0.516949,1
2014-03-26,0.510019,4
2014-03-27,0.457703,1
2014-03-28,0.518517,3
2014-03-31,0.523241,2
2014-04-01,0.524086,4
2014-04-02,0.526297,1
2014-04-03,0.531975,1
2014-04-10,0.520249,2
2014-04-11,0.524621,6
2014-04-12,0.528339,2
2014-04-14,0.500517,4
2014-04-15,0.523133,2
2014-04-16,0.551897,1
2014-04-17,0.53228,10
2014-04-18,0.512324,11
2014-04-19,0.514543,2
2014-04-20,0.522111,1
2014-04-21,0.492005,4
2014-04-22,0.505058,1
2014-04-23,0.514937,1
2014-04-25,0.522387,1
2014-04-29,0.525151,1
2014-04-30,0.511948,3
2014-05-03,0.501067,1
2014-05-05,0.506297,1
2014-05-08,0.507435,1
2014-05-09,0.523378,2
2014-05-10,0.537193,1
2014-05-13,0.519742,1
2014-05-14,0.526517,2
2014-05-15,0.496098,4
2014-05-21,0.536327,1
2014-05-22,0.507991,1
2014-05-23,0.526409,2
2014-05-26,0.508724,2
2014-05-27,0.527993,2
2014-05-29,0.518986,4
2014-05-30,0.531877,1
2014-06-02,0.44986,1
2014-06-03,0.497013,3
2014-06-05,0.52015,1
2014-06-09,0.50199,1
2014-06-10,0.468386,1
2014-06-11,0.532074,1
2014-06-12,0.51145,1
2014-06-13,0.482392,1
2014-06-20,0.547355,1
2014-06-21,0.528544,1
2014-06-23,0.502654,1
2014-06-24,0.504356,10
2014-06-25,0.479901,1
2014-06-28,0.52312,1
2014-06-30,0.484091,1
2014-07-02,0.503413,1
2014-07-03,0.558064,1
2014-07-07,0.530514,2
2014-07-10,0.535992,1
2014-07-11,0.510249,7
2014-07-14,0.508794,5
2014-07-15,0.489412,1
2014-07-16,0.523322,6
2014-07-17,0.469053,15
2014-07-18,0.47137,9
2014-07-20,0.464883,1
2014-07-21,0.492054,6
2014-07-22,0.53229,2
2014-07-23,0.53229,2
2014-07-24,0.517954,3
2014-07-25,0.499843,1
2014-07-28,0.51645,1
2014-07-29,0.503424,2
2014-07-30,0.50452,1
2014-07-31,0.523647,2
2014-08-05,0.460009,1
2014-08-06,0.497219,3
2014-08-08,0.53712,1
2014-08-12,0.526593,1
2014-08-18,0.522476,2
2014-08-19,0.490945,1
2014-08-21,0.525923,2
2014-08-22,0.547534,1
2014-08-25,0.504991,2
2014-08-26,0.490587,2
2014-08-27,0.526329,2
2014-08-28,0.505489,1
2014-08-29,0.45334,1
2014-09-01,0.530676,4
2014-09-02,0.496941,1
2014-09-03,0.524039,1
2014-09-09,0.466406,1
2014-09-10,0.540491,1
2014-09-11,0.502977,2
2014-09-12,0.530234,1
2014-09-13,0.53268,1
2014-09-15,0.513679,4
2014-09-17,0.513904,1
2014-09-18,0.518399,1
2014-09-20,0.498539,1
2014-09-24,0.515824,2
2014-09-25,0.52422,1
2014-09-27,0.478067,1
2014-09-29,0.523814,1
2014-09-30,0.497199,4
2014-10-01,0.46313,1
2014-10-02,0.516196,2
2014-10-03,0.535019,1
2014-10-06,0.52254,2
2014-10-07,0.521913,2
2014-10-08,0.534608,3
2014-10-09,0.558352,2
2014-10-11,0.525247,2
2014-10-13,0.465425,4
2014-10-14,0.501494,3
2014-10-15,0.489403,4
2014-10-16,0.531148,8
2014-10-17,0.491512,3
2014-10-18,0.526514,1
2014-10-20,0.511292,2
2014-10-21,0.473246,1
2014-10-22,0.493237,1
2014-10-23,0.498652,2
2014-10-25,0.509664,4
2014-10-27,0.527535,3
2014-10-28,0.509636,1
2014-10-30,0.531969,2
2014-11-10,0.540952,3
2014-11-11,0.530203,1
2014-11-12,0.497138,2
2014-11-13,0.502359,3
2014-11-14,0.46705,2
2014-11-18,0.506687,2
2014-11-19,0.520964,3
2014-11-20,0.529,1
2014-11-21,0.475388,1
2014-11-22,0.52545,1
2014-11-24,0.495911,1
2014-11-25,0.529144,2
2014-11-27,0.521595,2
2014-11-28,0.484797,1
2014-12-01,0.497689,2
2014-12-04,0.546756,1
2014-12-05,0.482974,1
2014-12-06,0.537876,1
2014-12-10,0.496597,4
2014-12-11,0.505316,1
2014-12-15,0.533062,2
2014-12-16,0.514827,5
2014-12-18,0.490523,1
2014-12-22,0.53158,3
2014-12-25,0.515166,1
2014-12-26,0.504226,3
2014-12-27,0.5512,1
2014-12-29,0.514995,1
2014-12-30,0.506387,2
2014-12-31,0.503557,1
2015-01-07,0.513842,2
2015-01-08,0.476641,1
2015-01-09,0.488069,6
2015-01-12,0.495417,5
2015-01-13,0.485806,3
2015-01-14,0.473438,2
2015-01-15,0.514258,7
2015-01-16,0.493083,6
2015-01-17,0.510768,2
2015-01-18,0.50453,1
2015-01-19,0.510639,4
2015-01-20,0.529311,1
2015-01-22,0.496117,2
2015-01-23,0.536037,3
2015-01-24,0.564005,1
2015-01-25,0.508408,1
2015-01-26,0.498007,1
2015-01-27,0.503629,2
2015-01-28,0.508562,1
2015-01-29,0.4142,1
2015-02-03,0.537961,2
2015-02-04,0.52055,2
2015-02-05,0.474337,1
2015-02-06,0.536997,2
2015-02-07,0.537524,2
2015-02-09,0.544586,3
2015-02-10,0.550252,4
2015-02-11,0.518467,9
2015-02-12,0.507243,4
2015-02-23,0.53215,1
2015-02-24,0.507944,2
2015-02-25,0.527518,1
2015-02-28,0.567284,1
2015-03-04,0.503898,1
2015-03-09,0.508559,2
2015-03-10,0.517085,2
2015-03-11,0.501824,3
2015-03-12,0.520743,2
2015-03-13,0.512804,2
2015-03-14,0.537249,1
2015-03-16,0.528962,1
2015-03-17,0.506449,2
2015-03-18,0.523488,5
2015-03-19,0.564812,1
2015-03-20,0.535826,1
2015-03-23,0.51011,1
2015-03-24,0.512606,1
2015-03-25,0.497034,2
2015-03-26,0.454017,4
2015-03-27,0.470896,6
2015-03-28,0.456141,2
2015-03-30,0.472628,3
2015-04-01,0.476565,1
2015-04-02,0.527808,3
2015-04-03,0.520292,1
2015-04-07,0.507175,5
2015-04-08,0.513515,2
2015-04-09,0.524255,2
2015-04-10,0.507135,4
2015-04-13,0.527264,2
2015-04-14,0.481695,7
2015-04-15,0.507249,6
2015-04-16,0.507623,18
2015-04-17,0.473558,15
2015-04-18,0.479499,2
2015-04-20,0.50167,5
2015-04-22,0.526944,1
2015-04-23,0.515914,1
2015-04-24,0.518793,8
2015-04-27,0.510017,4
2015-04-28,0.540654,2
2015-04-29,0.4841,6
2015-04-30,0.518235,1
2015-05-08,0.484563,1
2015-05-11,0.500512,2
2015-05-19,0.567992,1
2015-05-22,0.538829,1
2015-05-25,0.510609,1
2015-05-26,0.5439,1
2015-05-27,0.504909,1
2015-05-28,0.505449,2
2015-05-29,0.526858,1
2015-05-31,0.530296,1
2015-06-01,0.462381,1
2015-06-02,0.496227,1
2015-06-05,0.445626,1
2015-06-08,0.516467,1
2015-06-09,0.516781,7
2015-06-10,0.503925,6
2015-06-11,0.492214,1
2015-06-12,0.494982,1
2015-06-15,0.513929,1
2015-06-16,0.524046,1
2015-06-20,0.469002,1
2015-06-22,0.489261,1
2015-06-23,0.518266,2
2015-06-24,0.518478,1
2015-06-25,0.489917,1
2015-06-26,0.469741,3
2015-06-27,0.471683,1
2015-06-29,0.457623,9
2015-06-30,0.495537,2
2015-07-01,0.505386,1
2015-07-03,0.485599,2
2015-07-07,0.530373,2
2015-07-10,0.455034,2
2015-07-13,0.53399,3
2015-07-14,0.523461,2
2015-07-15,0.516758,2
2015-07-16,0.497488,14
2015-07-17,0.48954,5
2015-07-18,0.496803,1
2015-07-20,0.53318,3
2015-07-21,0.497241,2
2015-07-22,0.422977,1
2015-07-23,0.454953,1
2015-07-24,0.465309,2
2015-07-25,0.486829,1
2015-07-27,0.477316,1
2015-07-28,0.457427,2
2015-07-29,0.473096,2
2015-08-03,0.537562,1
2015-08-07,0.480249,1
2015-08-10,0.496372,6
2015-08-11,0.502159,7
2015-08-12,0.498362,3
2015-08-13,0.498593,2
2015-08-14,0.449829,3
2015-08-15,0.494042,1
2015-08-17,0.426811,2
2015-08-18,0.432189,1
2015-08-20,0.504205,1
2015-08-21,0.442734,2
2015-08-24,0.468466,4
2015-08-25,0.495961,7
2015-08-26,0.484742,2
2015-08-27,0.538907,3
2015-08-28,0.533067,4
2015-08-31,0.518886,1
2015-09-01,0.492556,1
2015-09-02,0.49024,1
2015-09-03,0.513612,3
2015-09-04,0.446798,1
2015-09-07,0.463809,2
2015-09-09,0.525535,2
2015-09-10,0.483128,5
2015-09-11,0.497675,1
2015-09-14,0.498628,2
2015-09-17,0.495003,2
2015-09-23,0.500227,2
2015-09-24,0.487369,3
2015-09-30,0.49145,2
2015-10-01,0.493308,1
2015-10-04,0.478812,1
2015-10-05,0.51869,2
2015-10-06,0.506513,1
2015-10-07,0.536135,2
2015-10-08,0.523807,2
2015-10-09,0.51075,2
2015-10-12,0.527847,2
2015-10-13,0.489899,2
2015-10-15,0.507806,12
2015-10-16,0.48696,9
2015-10-18,0.481044,1
2015-10-20,0.526072,1
2015-10-26,0.528648,2
2015-10-28,0.50049,2
2015-10-29,0.532117,3
2015-10-30,0.541009,1
2015-11-05,0.529514,1
2015-11-07,0.512218,7
2015-11-09,0.523954,1
2015-11-10,0.485925,3
2015-11-11,0.498582,2
2015-11-17,0.549171,1
2015-11-24,0.451174,1
2015-11-25,0.492575,2
2015-11-27,0.561239,1
2015-12-01,0.555075,2
2015-12-02,0.525639,1
2015-12-03,0.529443,3
2015-12-04,0.508635,4
2015-12-07,0.507436,7
2015-12-08,0.516762,5
2015-12-09,0.476587,3
2015-12-10,0.482452,3
2015-12-11,0.516078,1
2015-12-15,0.47899,2
2015-12-17,0.533774,2
2016-01-04,0.534609,1
2016-01-05,0.469636,1
2016-01-07,0.438483,1
2016-01-08,0.516323,2
2016-01-10,0.526732,1
2016-01-11,0.500842,1
2016-01-12,0.48677,1
2016-01-14,0.512061,7
2016-01-15,0.522056,2
2016-01-16,0.52591,1
2016-01-19,0.497869,1
2016-01-21,0.481541,4
2016-01-27,0.485197,3
2016-01-28,0.512445,1
2016-01-29,0.523332,2
2016-01-30,0.473818,2
2016-02-01,0.439374,1
2016-02-02,0.538229,2
2016-02-03,0.497692,3
2016-02-06,0.493652,1
2016-02-12,0.513738,1
2016-02-15,0.502503,3
2016-02-16,0.432764,1
2016-02-17,0.45579,1
2016-02-22,0.529161,1
2016-02-23,0.51658,1
2016-03-01,0.519233,1
2016-03-02,0.530352,1
2016-03-03,0.47594,1
2016-03-07,0.506972,1
2016-03-10,0.485756,1
2016-03-15,0.557807,1
2016-03-16,0.52016,2
2016-03-17,0.536158,3
2016-03-18,0.516232,1
2016-03-19,0.49517,1
2016-03-22,0.501235,2
2016-03-28,0.513643,7
2016-03-31,0.511377,1
2016-04-04,0.521667,1
2016-04-06,0.429868,1
2016-04-08,0.535342,2
2016-04-09,0.485047,1
2016-04-13,0.484604,1
2016-04-14,0.482297,7
2016-04-15,0.492901,6
2016-04-18,0.518632,2
2016-04-22,0.46152,1
2016-04-25,0.496811,1
2016-04-27,0.450153,4
2016-04-28,0.505584,3
2016-05-03,0.512661,1
2016-05-05,0.542728,1
2016-05-06,0.564543,1
2016-05-09,0.507382,1
2016-05-10,0.479264,3
2016-05-11,0.5205,1
2016-05-12,0.469608,2
2016-05-13,0.457293,1
2016-05-16,0.523564,1
2016-05-17,0.502463,1
2016-05-19,0.513521,4
2016-05-20,0.540038,1
2016-05-23,0.545005,1
2016-05-26,0.534663,1
2016-06-01,0.596345,1
2016-06-02,0.51389,1
2016-06-04,0.498462,2
2016-06-05,0.525507,2
2016-06-07,0.518353,11
2016-06-08,0.53718,3
2016-06-09,0.533201,2
2016-06-13,0.537092,1
2016-06-14,0.45622,1
2016-06-15,0.548208,2
2016-06-16,0.52981,1
2016-06-17,0.49761,1
2016-06-19,0.503103,1
2016-06-23,0.442276,1
2016-06-24,0.480621,1
2016-06-25,0.48209,1
2016-06-27,0.519777,3
2016-06-28,0.531725,3
2016-06-29,0.502605,2
2016-06-30,0.506837,2
2016-07-01,0.533722,3
2016-07-02,0.526181,2
2016-07-03,0.518673,1
2016-07-04,0.531798,3
2016-07-05,0.539938,2
2016-07-06,0.515479,1
2016-07-07,0.516931,4
2016-07-09,0.546968,1
2016-07-11,0.534753,1
2016-07-12,0.517347,5
2016-07-13,0.467359,2
2016-07-14,0.518248,8
2016-07-15,0.506664,4
2016-07-16,0.495169,1
2016-07-21,0.523949,4
2016-07-22,0.473227,1
2016-07-23,0.53172,2
2016-07-25,0.544915,1
2016-07-26,0.469874,2
2016-07-27,0.535283,1
2016-07-29,0.511676,2
2016-07-30,0.51119,1
2016-08-01,0.510831,3
2016-08-02,0.529874,2
2016-08-03,0.550568,1
2016-08-05,0.532424,2
2016-08-08,0.542604,6
2016-08-10,0.504827,4
2016-08-11,0.432163,1
2016-08-15,0.507921,1
2016-08-16,0.489432,4
2016-08-17,0.489221,3
2016-08-18,0.507595,4
2016-08-23,0.530562,1
2016-08-24,0.543819,1
2016-08-30,0.508987,1
2016-08-31,0.507,2
2016-09-01,0.511897,3
2016-09-02,0.519817,1
2016-09-06,0.505415,3
2016-09-07,0.523203,7
2016-09-08,0.513551,7
2016-09-09,0.508646,6
2016-09-10,0.515299,1
2016-09-18,0.468642,1
2016-09-19,0.545912,3
2016-09-20,0.538744,1
2016-09-22,0.525264,1
2016-09-24,0.532495,1
2016-09-26,0.512607,1
2016-09-29,0.521183,4
2016-10-01,0.540327,1
2016-10-03,0.528507,1
2016-10-04,0.509189,1
2016-10-05,0.531685,2
2016-10-07,0.528246,4
2016-10-08,0.537571,1
2016-10-10,0.527335,1
2016-10-11,0.522406,4
2016-10-13,0.514761,7
2016-10-14,0.480206,2
2016-10-15,0.48912,1
2016-10-17,0.482491,2
2016-10-20,0.525375,1
2016-10-21,0.504829,3
2016-10-22,0.51776,6
2016-10-23,0.530506,1
2016-10-24,0.491826,5
2016-10-25,0.548129,3
2016-10-26,0.497699,4
2016-10-27,0.496977,4
2016-10-29,0.478946,1
2016-10-31,0.476971,2
2016-11-01,0.46104,2
2016-11-04,0.474173,3
2016-11-07,0.500966,2
2016-11-08,0.513786,3
2016-11-10,0.496076,3
2016-11-11,0.45964,4
2016-11-12,0.453797,1
2016-11-14,0.479835,2
2016-11-15,0.488333,2
2016-11-16,0.529033,3
2016-11-17,0.513465,2
2016-11-18,0.528679,3
2016-11-21,0.480091,1
2016-11-22,0.523774,1
2016-11-23,0.524213,3
2016-11-24,0.47283,1
2016-11-25,0.468388,2
2016-11-27,0.531079,1
2016-11-28,0.541241,1
2016-11-29,0.534669,1
2016-12-01,0.537136,2
2016-12-02,0.515245,1
2016-12-05,0.503714,1
2016-12-06,0.506444,4
2016-12-08,0.514835,2
2016-12-09,0.499954,8
2016-12-10,0.536808,1
2016-12-11,0.470103,1
2016-12-14,0.527443,1
2016-12-15,0.489511,5
2016-12-16,0.507485,5
2016-12-19,0.493152,1
2016-12-20,0.491441,9
2016-12-21,0.493909,7
2016-12-22,0.485758,4
2016-12-23,0.481567,6
2016-12-24,0.526666,1
2016-12-25,0.491204,1
2016-12-26,0.493524,7
2016-12-27,0.488535,7
2016-12-28,0.5014,3
2016-12-29,0.475662,1
2016-12-30,0.52307,2
2016-12-31,0.508377,1
2017-01-01,0.515534,1
2017-01-03,0.532576,2
2017-01-04,0.515194,5
2017-01-05,0.539382,3
2017-01-06,0.524925,2
2017-01-08,0.516565,2
2017-01-09,0.490564,5
2017-01-10,0.50566,3
2017-01-11,0.510796,3
2017-01-12,0.510692,8
2017-01-13,0.493666,8
2017-01-14,0.503758,2
2017-01-16,0.497742,2
2017-01-17,0.528379,4
2017-01-18,0.477357,1
2017-01-19,0.513955,6
2017-01-20,0.502248,1
2017-01-21,0.509204,2
2017-01-23,0.503858,4
2017-01-24,0.541552,1
2017-01-25,0.503365,2
2017-01-29,0.512782,1
2017-02-01,0.479824,5
2017-02-02,0.507255,7
2017-02-03,0.513175,3
2017-02-06,0.508676,1
2017-02-07,0.478388,2
2017-02-08,0.52225,2
2017-02-09,0.505684,3
2017-02-10,0.50249,4
2017-02-11,0.466382,1
2017-02-13,0.524047,2
2017-02-14,0.510673,7
2017-02-15,0.502268,5
2017-02-16,0.49558,1
2017-02-17,0.494986,4
2017-02-18,0.520658,1
2017-02-20,0.526499,2
2017-02-21,0.529438,4
2017-02-22,0.512966,5
2017-02-23,0.528943,4
2017-02-24,0.483498,2
2017-03-01,0.488293,3
2017-03-02,0.491565,3
2017-03-03,0.515596,3
2017-03-04,0.513085,3
2017-03-05,0.564658,1
2017-03-06,0.508674,2
2017-03-07,0.5014,3
2017-03-08,0.517234,2
2017-03-09,0.509866,5
2017-03-10,0.480357,2
2017-03-11,0.482613,2
2017-03-13,0.507436,3
2017-03-14,0.516482,5
2017-03-15,0.513178,3
2017-03-16,0.523515,3
2017-03-17,0.526472,3
2017-03-18,0.510749,1
2017-03-20,0.509564,10
2017-03-21,0.512123,4
2017-03-22,0.49947,8
2017-03-23,0.50286,2
2017-03-26,0.533446,1
2017-03-27,0.490477,3
2017-03-28,0.494915,3
2017-03-29,0.507723,3
2017-03-30,0.49263,2
2017-03-31,0.50804,4
2017-04-03,0.527637,1
2017-04-04,0.528654,2
2017-04-05,0.543781,3
2017-04-06,0.516264,3
2017-04-07,0.488212,1
2017-04-09,0.52642,1
2017-04-10,0.494666,8
2017-04-11,0.506538,3
2017-04-12,0.522516,2
2017-04-13,0.482563,12
2017-04-14,0.490017,6
2017-04-15,0.475892,3
2017-04-17,0.473733,3
2017-04-18,0.503868,2
2017-04-19,0.491117,4
2017-04-20,0.496669,6
2017-04-21,0.537351,3
2017-04-22,0.509047,1
2017-04-24,0.512007,7
2017-04-25,0.508316,2
2017-04-26,0.524772,4
2017-04-27,0.502843,2
2017-04-28,0.532829,3
2017-05-01,0.500367,1
2017-05-02,0.518135,7
2017-05-03,0.5128,3
2017-05-04,0.482303,3
2017-05-08,0.523389,7
2017-05-09,0.513771,5
2017-05-10,0.490357,3
2017-05-11,0.507626,5
2017-05-12,0.517773,3
2017-05-16,0.489173,2
2017-05-18,0.531133,3
2017-05-19,0.528961,2
2017-05-21,0.489485,1
2017-05-22,0.529039,1
2017-05-23,0.544972,1
2017-05-24,0.50881,3
2017-05-25,0.52161,4
2017-05-26,0.504031,1
2017-05-29,0.498435,1
2017-05-30,0.525319,2
2017-05-31,0.504593,2
2017-06-01,0.53248,2
2017-06-02,0.538097,3
2017-06-03,0.570591,1
2017-06-04,0.52771,1
2017-06-05,0.538912,4
2017-06-06,0.484594,1
2017-06-07,0.519972,1
2017-06-08,0.498566,8
2017-06-09,0.538477,4
2017-06-10,0.488681,1
2017-06-11,0.533633,1
2017-06-12,0.47155,3
2017-06-13,0.525306,3
2017-06-14,0.450263,1
2017-06-15,0.509716,2
2017-06-16,0.524949,1
2017-06-19,0.532634,1
2017-06-20,0.530955,4
2017-06-21,0.511252,2
2017-06-22,0.514648,2
2017-06-23,0.484613,4
2017-06-24,0.559615,1
2017-06-25,0.504327,5
2017-06-26,0.507359,8
2017-06-27,0.52202,2
2017-06-28,0.521233,2
2017-06-29,0.463032,1
2017-06-30,0.517236,3
2017-07-02,0.51737,4
2017-07-03,0.531298,2
2017-07-04,0.517558,2
2017-07-05,0.539681,5
2017-07-06,0.485649,2
2017-07-07,0.473767,5
2017-07-09,0.495978,3
2017-07-10,0.520213,7
2017-07-11,0.529389,5
2017-07-12,0.52862,3
2017-07-13,0.512297,11
2017-07-14,0.477159,6
2017-07-15,0.547466,1
2017-07-16,0.528547,2
2017-07-17,0.517869,2
2017-07-18,0.538618,2
2017-07-19,0.539022,2
2017-07-20,0.492874,3
2017-07-21,0.494804,3
2017-07-23,0.495444,2
2017-07-24,0.508461,3
2017-07-25,0.528382,3
2017-07-26,0.475879,2
2017-07-27,0.497609,2
2017-07-28,0.510688,4
2017-07-30,0.51349,1
2017-07-31,0.478689,1
2017-08-01,0.481432,1
2017-08-02,0.482257,2
2017-08-03,0.455261,3
2017-08-04,0.468189,1
2017-08-07,0.508231,6
2017-08-08,0.51328,7
2017-08-09,0.503933,1
2017-08-10,0.4822,2
2017-08-11,0.516457,2
2017-08-12,0.526432,1
2017-08-13,0.491193,2
2017-08-14,0.495991,4
2017-08-15,0.488171,6
2017-08-16,0.483764,3
2017-08-17,0.529974,1
2017-08-18,0.445333,1
2017-08-20,0.50612,1
2017-08-21,0.509736,2
2017-08-22,0.513357,7
2017-08-23,0.514773,8
2017-08-24,0.519941,3
2017-08-25,0.496136,2
2017-08-26,0.550848,1
2017-08-28,0.516605,3
2017-08-29,0.51091,3
2017-08-30,0.507002,8
2017-08-31,0.523492,2
2017-09-01,0.502378,4
2017-09-02,0.497586,2
2017-09-03,0.524211,1
2017-09-04,0.505643,3
2017-09-05,0.506502,4
2017-09-06,0.489087,5
2017-09-07,0.4982,4
2017-09-08,0.532332,4
2017-09-10,0.49953,1
2017-09-11,0.503819,3
2017-09-12,0.505357,7
2017-09-13,0.493789,6
2017-09-14,0.508603,3
2017-09-15,0.534447,4
2017-09-17,0.53101,1
2017-09-18,0.535695,5
2017-09-19,0.505247,9
2017-09-20,0.494854,11
2017-09-21,0.507875,9
2017-09-22,0.495638,6
2017-09-23,0.515954,6
2017-09-24,0.480531,2
2017-09-25,0.475919,2
2017-09-26,0.487596,4
2017-09-27,0.513879,4
2017-09-28,0.5333,2
2017-09-29,0.520489,13
2017-09-30,0.506132,5
2017-10-01,0.50886,2
2017-10-02,0.493778,19
2017-10-03,0.505556,15
2017-10-04,0.527405,1
2017-10-05,0.540509,6
2017-10-06,0.509367,5
2017-10-09,0.519377,1
2017-10-10,0.545742,1
2017-10-11,0.519824,7
2017-10-12,0.527635,3
2017-10-13,0.495818,5
2017-10-15,0.509134,2
2017-10-16,0.520233,8
2017-10-17,0.520204,6
2017-10-18,0.504487,4
2017-10-19,0.518768,13
2017-10-20,0.529565,4
2017-10-22,0.523172,2
2017-10-23,0.505493,5
2017-10-24,0.50049,7
2017-10-25,0.543066,1
2017-10-26,0.521198,4
2017-10-27,0.520869,2
2017-10-30,0.517318,7
2017-10-31,0.52779,2
2017-11-01,0.536988,2
2017-11-02,0.485863,3
2017-11-03,0.467077,2
2017-11-04,0.513191,6
2017-11-05,0.516056,1
2017-11-06,0.517928,6
2017-11-07,0.517766,3
2017-11-08,0.497149,2
2017-11-09,0.482714,1
2017-11-10,0.479486,3
2017-11-11,0.533778,1
2017-11-12,0.483517,1
2017-11-13,0.484606,2
2017-11-14,0.537838,1
2017-11-15,0.494431,6
2017-11-16,0.485698,4
2017-11-17,0.513471,1
2017-11-19,0.514374,2
2017-11-20,0.512494,5
2017-11-21,0.515994,1
2017-11-22,0.496821,4
2017-11-23,0.522115,5
2017-11-24,0.503341,3
2017-11-27,0.502937,3
2017-11-28,0.481562,2
2017-11-29,0.497115,5
2017-11-30,0.472431,5
2017-12-01,0.469951,3
2017-12-02,0.444955,1
2017-12-03,0.534823,2
2017-12-04,0.497283,3
2017-12-05,0.525772,4
2017-12-06,0.446098,3
2017-12-07,0.526601,5
2017-12-08,0.511338,5
2017-12-09,0.525157,1
2017-12-11,0.522377,6
2017-12-12,0.516702,6
2017-12-13,0.504441,4
2017-12-14,0.493116,4
2017-12-15,0.511279,4
2017-12-18,0.517391,3
2017-12-19,0.51075,3
2017-12-20,0.491968,4
2017-12-21,0.506428,3
2017-12-22,0.521593,4
2017-12-25,0.515257,5
2017-12-26,0.510431,3
2017-12-27,0.483361,4
2017-12-28,0.50149,2
2017-12-29,0.514917,3
2017-12-30,0.513758,2
2017-12-31,0.510938,1
2018-01-02,0.519028,3
2018-01-03,0.505676,2
2018-01-04,0.514474,1
2018-01-05,0.524496,3
2018-01-07,0.536523,1
2018-01-08,0.530621,1
2018-01-09,0.500342,6
2018-01-10,0.515016,3
2018-01-11,0.491007,2
2018-01-12,0.511778,5
2018-01-14,0.518001,1
2018-01-15,0.531436,6
2018-01-16,0.528528,5
2018-01-17,0.528394,5
2018-01-18,0.512287,11
2018-01-19,0.521529,10
2018-01-20,0.533607,1
2018-01-21,0.497457,1
2018-01-22,0.533655,12
2018-01-23,0.512347,2
2018-01-24,0.50887,5
2018-01-25,0.50025,4
2018-01-26,0.526373,7
2018-01-29,0.529892,8
2018-01-30,0.472084,2
2018-01-31,0.473439,4
2018-02-02,0.510932,4
2018-02-03,0.538161,1
2018-02-05,0.505658,4
2018-02-06,0.460963,5
2018-02-07,0.507379,5
2018-02-08,0.51489,5
2018-02-09,0.449209,6
2018-02-12,0.496297,7
2018-02-13,0.526558,5
2018-02-14,0.508603,1
2018-02-21,0.509367,4
2018-02-22,0.493951,1
2018-02-23,0.514432,3
2018-02-25,0.503756,1
2018-02-26,0.513961,7
2018-02-27,0.517493,1
2018-03-02,0.455593,1
2018-03-05,0.52896,3
2018-03-06,0.537677,3
2018-03-07,0.513911,6
2018-03-08,0.498166,3
2018-03-09,0.510238,4
2018-03-12,0.515203,3
2018-03-13,0.466167,2
2018-03-14,0.482796,3
2018-03-15,0.523171,3
2018-03-16,0.499887,4
2018-03-19,0.524073,4
2018-03-20,0.480313,3
2018-03-21,0.503325,4
2018-03-22,0.503688,2
2018-03-23,0.469908,4
2018-03-26,0.520393,3
2018-03-27,0.510778,3
2018-03-28,0.495761,5
2018-03-29,0.480131,2
2018-03-30,0.538546,6
2018-03-31,0.478845,2
2018-04-01,0.527112,1
2018-04-02,0.51064,5
2018-04-03,0.522508,4
2018-04-09,0.500137,3
2018-04-10,0.516166,3
2018-04-11,0.53835,4
2018-04-12,0.522556,2
2018-04-13,0.521796,2
2018-04-16,0.515816,6
2018-04-17,0.485817,4
2018-04-18,0.510606,4
2018-04-19,0.504324,11
2018-04-20,0.492163,15
2018-04-21,0.502021,1
2018-04-22,0.487185,1
2018-04-23,0.48955,8
2018-04-24,0.471146,3
2018-04-25,0.473324,5
2018-04-26,0.514378,3
2018-04-27,0.532009,4
2018-04-29,0.52048,1
2018-04-30,0.50137,2
2018-05-02,0.489668,5
2018-05-03,0.525139,4
2018-05-04,0.502259,2
2018-05-06,0.518267,1
2018-05-07,0.507469,2
2018-05-08,0.525964,3
2018-05-09,0.474222,2
2018-05-10,0.491966,6
2018-05-11,0.52455,5
2018-05-13,0.523835,1
2018-05-14,0.521196,2
2018-05-15,0.498837,4
2018-05-16,0.491077,2
2018-05-17,0.519709,3
2018-05-18,0.513661,2
2018-05-19,0.496366,1
2018-05-21,0.524104,1
2018-05-22,0.494239,2
2018-05-23,0.525313,6
2018-05-24,0.527172,5
2018-05-25,0.523196,1
2018-05-27,0.531182,1
2018-05-28,0.540565,2
2018-05-29,0.546156,2
2018-05-30,0.449162,3
2018-05-31,0.529429,1
2018-06-01,0.527599,2
2018-06-02,0.542847,1
2018-06-04,0.496688,3
2018-06-05,0.504008,10
2018-06-06,0.521312,5
2018-06-07,0.525784,2
2018-06-08,0.512211,4
2018-06-11,0.506682,3
2018-06-12,0.502652,4
2018-06-13,0.567346,3
2018-06-14,0.499041,5
2018-06-15,0.482058,3
2018-06-19,0.493848,2
2018-06-20,0.515544,7
2018-06-21,0.511608,6
2018-06-22,0.459085,4
2018-06-24,0.518782,2
2018-06-25,0.512094,7
2018-06-26,0.499329,5
2018-06-27,0.494721,5
2018-06-28,0.475089,3
2018-06-29,0.504575,2
2018-06-30,0.461552,1
2018-07-02,0.522617,1
2018-07-03,0.507303,2
2018-07-04,0.506916,6
2018-07-05,0.463277,2
2018-07-06,0.459475,1
2018-07-08,0.491049,1
2018-07-09,0.537327,1
2018-07-10,0.50531,5
2018-07-11,0.489902,2
2018-07-12,0.538638,2
2018-07-15,0.504451,1
2018-07-17,0.497231,4
2018-07-18,0.482424,2
2018-07-19,0.488905,21
2018-07-20,0.515228,8
2018-07-21,0.471234,1
2018-07-22,0.522619,1
2018-07-23,0.500795,6
2018-07-24,0.530252,1
2018-07-25,0.484634,2
2018-07-26,0.529666,3
2018-07-27,0.48841,3
2018-07-30,0.508736,4
2018-07-31,0.507634,6
2018-08-01,0.513087,2
2018-08-02,0.509275,1
2018-08-03,0.503027,4
2018-08-04,0.470077,2
2018-08-05,0.472637,1
2018-08-06,0.496222,13
2018-08-07,0.476566,8
2018-08-08,0.492995,4
2018-08-09,0.494121,4
2018-08-10,0.53044,3
2018-08-13,0.4656,2
2018-08-14,0.513858,3
2018-08-15,0.485051,2
2018-08-16,0.502215,4
2018-08-17,0.488921,3
2018-08-18,0.492472,1
2018-08-20,0.502904,3
2018-08-21,0.496553,1
2018-08-22,0.480998,2
2018-08-23,0.537944,1
2018-08-24,0.470598,1
2018-08-27,0.541891,2
2018-08-28,0.509361,10
2018-08-29,0.516863,21
2018-08-30,0.513222,17
2018-08-31,0.50551,10
2018-09-01,0.525311,1
2018-09-03,0.515029,6
2018-09-04,0.480637,3
2018-09-05,0.513771,15
2018-09-06,0.50742,12
2018-09-07,0.482098,4
2018-09-08,0.527067,1
2018-09-09,0.474872,1
2018-09-10,0.498941,6
2018-09-11,0.481791,5
2018-09-12,0.489671,6
2018-09-13,0.516322,4
2018-09-14,0.516462,6
2018-09-15,0.523022,1
2018-09-17,0.495775,4
2018-09-18,0.48053,5
2018-09-19,0.53808,5
2018-09-20,0.50192,4
2018-09-21,0.506489,3
2018-09-25,0.506002,3
2018-09-26,0.518511,3
2018-09-27,0.504024,3
2018-09-28,0.50506,4
2018-09-30,0.511426,1
2018-10-01,0.478408,2
2018-10-02,0.525147,2
2018-10-03,0.517331,4
2018-10-04,0.491848,5
2018-10-05,0.449355,7
2018-10-08,0.484999,3
2018-10-09,0.512609,6
2018-10-11,0.486296,9
2018-10-12,0.502144,3
2018-10-15,0.506895,11
2018-10-16,0.478668,4
2018-10-17,0.53591,2
2018-10-18,0.502362,11
2018-10-19,0.497669,5
2018-10-20,0.514974,3
2018-10-22,0.526788,3
2018-10-23,0.507815,3
2018-10-24,0.489054,6
2018-10-25,0.473665,7
2018-10-26,0.516451,2
2018-10-29,0.470808,4
2018-10-30,0.486855,1
2018-10-31,0.527145,6
2018-11-01,0.475876,2
2018-11-02,0.495154,5
2018-11-05,0.461289,4
2018-11-06,0.482062,2
2018-11-07,0.528265,1
2018-11-08,0.542065,2
2018-11-09,0.531195,1
2018-11-12,0.505036,3
2018-11-13,0.488024,6
2018-11-15,0.467685,2
2018-11-16,0.468055,2
2018-11-18,0.522986,1
2018-11-19,0.466807,5
2018-11-20,0.477138,6
2018-11-21,0.48055,3
2018-11-22,0.472425,2
2018-11-23,0.502788,2
2018-11-25,0.485284,1
2018-11-26,0.522262,3
2018-11-27,0.49104,4
2018-11-28,0.467637,3
2018-11-29,0.515243,3
2018-11-30,0.498296,3
2018-12-03,0.529811,5
2018-12-04,0.521545,1
2018-12-05,0.476039,5
2018-12-06,0.475329,5
2018-12-07,0.483557,3
2018-12-10,0.502286,2
2018-12-11,0.505756,2
2018-12-13,0.508531,3
2018-12-14,0.494347,3
2018-12-17,0.49312,2
2018-12-18,0.51242,4
2018-12-19,0.504899,4
2018-12-20,0.503193,6
2018-12-21,0.538483,1
2018-12-22,0.4865,3
2018-12-24,0.522056,1
2018-12-25,0.509252,2
2018-12-26,0.50081,3
2018-12-27,0.512382,2
2018-12-28,0.474944,2
2019-01-02,0.481433,2
2019-01-03,0.464307,5
2019-01-04,0.458207,5
2019-01-06,0.496785,1
2019-01-07,0.533472,3
2019-01-09,0.506211,4
2019-01-10,0.512327,3
2019-01-11,0.527902,7
2019-01-13,0.531794,1
2019-01-14,0.501929,4
2019-01-15,0.50036,3
2019-01-16,0.487857,1
2019-01-17,0.488444,10
2019-01-18,0.50423,6
2019-01-19,0.539125,1
2019-01-21,0.493378,6
2019-01-22,0.478351,1
2019-01-23,0.483082,1
2019-01-24,0.509179,2
2019-01-25,0.497104,4
2019-01-28,0.505703,7
2019-01-29,0.471245,6
2019-01-30,0.525343,5
2019-01-31,0.533157,1
2019-02-08,0.498776,1
2019-02-11,0.504601,2
2019-02-12,0.530022,2
2019-02-13,0.529833,2
2019-02-14,0.488689,2
2019-02-15,0.469416,7
2019-02-17,0.473156,1
2019-02-18,0.51943,5
2019-02-19,0.525339,5
2019-02-20,0.522984,10
2019-02-21,0.517847,3
2019-02-22,0.515434,3
2019-02-23,0.48161,1
2019-02-24,0.5214,1
2019-02-25,0.537315,2
2019-02-26,0.518893,1
2019-02-27,0.533922,2
2019-03-01,0.54084,2
2019-03-04,0.451873,3
2019-03-05,0.488528,3
2019-03-06,0.549011,3
2019-03-07,0.51323,2
2019-03-08,0.483967,3
2019-03-11,0.521767,3
2019-03-12,0.521108,1
2019-03-13,0.508048,2
2019-03-14,0.485139,1
2019-03-15,0.524846,2
2019-03-17,0.491371,2
2019-03-18,0.478413,4
2019-03-19,0.454273,1
2019-03-20,0.535389,2
2019-03-21,0.448278,1
2019-03-22,0.502972,7
2019-03-24,0.5003,2
2019-03-25,0.447205,3
2019-03-26,0.49656,3
2019-03-27,0.536851,2
2019-03-28,0.511921,2
2019-04-01,0.503759,3
2019-04-02,0.514026,2
2019-04-03,0.521179,3
2019-04-04,0.511035,3
2019-04-05,0.568348,1
2019-04-06,0.519889,1
2019-04-07,0.513844,2
2019-04-08,0.532314,4
2019-04-09,0.516792,6
2019-04-10,0.536583,3
2019-04-11,0.523519,2
2019-04-12,0.46904,1
2019-04-14,0.501639,2
2019-04-15,0.513678,5
2019-04-16,0.521818,3
2019-04-17,0.512783,8
2019-04-18,0.505577,10
2019-04-19,0.525471,6
2019-04-20,0.494258,5
2019-04-22,0.550785,1
2019-04-23,0.494342,4
2019-04-24,0.484697,3
2019-04-25,0.519994,1
2019-04-26,0.498155,4
2019-04-27,0.490159,1
2019-04-29,0.547773,2
2019-05-01,0.522867,1
2019-05-02,0.510364,8
2019-05-03,0.547012,1
2019-05-05,0.524406,2
2019-05-06,0.451054,4
2019-05-07,0.511799,4
2019-05-08,0.487629,4
2019-05-09,0.463805,3
2019-05-10,0.477275,4
2019-05-11,0.501839,2
2019-05-13,0.499794,2
2019-05-14,0.477835,4
2019-05-15,0.516144,4
2019-05-16,0.472635,1
2019-05-17,0.478147,6
2019-05-18,0.510217,1
2019-05-19,0.527741,1
2019-05-20,0.47541,2
2019-05-21,0.494144,2
2019-05-22,0.53972,3
2019-05-23,0.478901,9
2019-05-24,0.492694,5
2019-05-26,0.501965,1
2019-05-27,0.495657,7
2019-05-28,0.459522,2
2019-05-29,0.496751,4
2019-05-30,0.513106,2
2019-05-31,0.506145,2
2019-06-01,0.520824,2
2019-06-02,0.510334,2
2019-06-03,0.494741,8
2019-06-04,0.47909,4
2019-06-05,0.50052,10
2019-06-06,0.49937,6
2019-06-07,0.445331,1
2019-06-08,0.491282,1
2019-06-09,0.481922,1
2019-06-10,0.489707,4
2019-06-11,0.505914,4
2019-06-12,0.515215,3
2019-06-13,0.460387,2
2019-06-14,0.501572,3
2019-06-16,0.49151,1
2019-06-17,0.472143,2
2019-06-18,0.516589,1
2019-06-19,0.53182,3
2019-06-20,0.471946,1
2019-06-21,0.477735,3
2019-06-22,0.525871,1
2019-06-23,0.491771,2
2019-06-24,0.485102,3
2019-06-26,0.513884,2
2019-06-27,0.503412,4
2019-06-28,0.515118,4
2019-06-30,0.500441,1
2019-07-01,0.491985,8
2019-07-02,0.511656,2
2019-07-03,0.472611,3
2019-07-04,0.505524,4
2019-07-05,0.497895,2
2019-07-06,0.499708,1
2019-07-07,0.43149,1
2019-07-08,0.491921,2
2019-07-09,0.497663,2
2019-07-10,0.514048,5
2019-07-11,0.506759,7
2019-07-12,0.518644,8
2019-07-13,0.495934,1
2019-07-14,0.504239,2
2019-07-15,0.498822,3
2019-07-16,0.520062,4
2019-07-17,0.525299,3
2019-07-18,0.490479,11
2019-07-19,0.519042,10
2019-07-20,0.493805,1
2019-07-21,0.49977,2
2019-07-22,0.530785,4
2019-07-23,0.528569,2
2019-07-24,0.520791,3
2019-07-25,0.544466,1
2019-07-26,0.526635,3
2019-07-28,0.482049,1
2019-07-29,0.509116,3
2019-07-30,0.486389,3
2019-07-31,0.53083,2
2019-08-01,0.540633,1
2019-08-02,0.482539,10
2019-08-05,0.482919,5
2019-08-06,0.491061,5
2019-08-07,0.511541,5
2019-08-08,0.50185,2
2019-08-11,0.507086,2
2019-08-12,0.50112,2
2019-08-13,0.515265,2
2019-08-14,0.468106,1
2019-08-15,0.522657,1
2019-08-17,0.457325,1
2019-08-20,0.510871,2
2019-08-21,0.537125,1
2019-08-22,0.512072,4
2019-08-23,0.503046,2
2019-08-25,0.476193,1
2019-08-26,0.484355,6
2019-08-27,0.506991,5
2019-08-28,0.470643,1
2019-08-29,0.528088,1
2019-09-01,0.52964,1
2019-09-02,0.476475,2
2019-09-03,0.501048,2
2019-09-04,0.483346,2
2019-09-05,0.525813,4
2019-09-06,0.510369,2
2019-09-07,0.480684,1
2019-09-08,0.533946,1
2019-09-09,0.490191,2
2019-09-10,0.524862,3
2019-09-11,0.511485,3
2019-09-12,0.532381,2
2019-09-13,0.567965,1
2019-09-14,0.562129,1
2019-09-16,0.532444,2
2019-09-17,0.537931,2
2019-09-18,0.507218,12
2019-09-19,0.499482,3
2019-09-20,0.514659,4
2019-09-21,0.507501,2
2019-09-23,0.496732,2
2019-09-24,0.540434,3
2019-09-25,0.513489,2
2019-09-26,0.519243,4
2019-09-27,0.494962,6
2019-09-28,0.504902,1
2019-09-29,0.490853,1
2019-10-01,0.524414,7
2019-10-02,0.527982,3
2019-10-03,0.505163,4
2019-10-04,0.496749,5
2019-10-05,0.518608,3
2019-10-06,0.51943,3
2019-10-07,0.512023,4
2019-10-08,0.525435,5
2019-10-09,0.49049,4
2019-10-14,0.519545,7
2019-10-15,0.545629,6
2019-10-16,0.511781,5
2019-10-17,0.525245,13
2019-10-18,0.522444,5
2019-10-19,0.519415,2
2019-10-20,0.563696,1
2019-10-21,0.509138,3
2019-10-22,0.521603,2
2019-10-23,0.474997,4
2019-10-24,0.549025,2
2019-10-25,0.443697,3
2019-10-27,0.507037,3
2019-10-28,0.523451,3
2019-10-29,0.499179,5
2019-10-30,0.534263,3
2019-10-31,0.521225,6
2019-11-01,0.538135,6
2019-11-02,0.509999,11
2019-11-03,0.501352,2
2019-11-04,0.514177,6
2019-11-05,0.513985,6
2019-11-06,0.530472,1
2019-11-07,0.509549,3
2019-11-08,0.504963,5
2019-11-09,0.528543,1
2019-11-10,0.492736,1
2019-11-11,0.481997,3
2019-11-12,0.525091,3
2019-11-13,0.528196,2
2019-11-14,0.52587,2
2019-11-15,0.53519,2
2019-11-18,0.537315,1
2019-11-19,0.530969,5
2019-11-20,0.523785,5
2019-11-21,0.513687,7
2019-11-22,0.508484,3
2019-11-23,0.494526,1
2019-11-24,0.489925,1
2019-11-25,0.523925,6
2019-11-26,0.520083,2
2019-11-27,0.548475,3
2019-11-28,0.517227,3
2019-11-29,0.499573,2
2019-11-30,0.55534,1
2019-12-01,0.510589,1
2019-12-02,0.504162,6
2019-12-03,0.520238,6
2019-12-04,0.503813,5
2019-12-05,0.532169,8
2019-12-06,0.496992,5
2019-12-07,0.522338,2
2019-12-08,0.515767,1
2019-12-09,0.530462,3
2019-12-10,0.51386,9
2019-12-11,0.528199,13
2019-12-12,0.524785,11
2019-12-13,0.538766,10
2019-12-14,0.503226,1
2019-12-15,0.514578,4
2019-12-16,0.520811,7
2019-12-17,0.513944,7
2019-12-18,0.493062,10
2019-12-19,0.483368,7
2019-12-20,0.493074,11
2019-12-21,0.5599,1
2019-12-22,0.546121,1
2019-12-23,0.500857,3
2019-12-24,0.515288,6
2019-12-25,0.508571,5
2019-12-26,0.544537,1
2019-12-27,0.525335,5
2019-12-28,0.522471,1
2019-12-30,0.498915,5
2019-12-31,0.510561,8
2020-01-01,0.568028,1
2020-01-02,0.503598,5
2020-01-03,0.521773,3
2020-01-05,0.517813,1
2020-01-06,0.502931,2
2020-01-07,0.544097,2
2020-01-08,0.507139,5
2020-01-09,0.515247,1
2020-01-10,0.554525,2
2020-01-11,0.504591,1
2020-01-12,0.526907,3
2020-01-13,0.494849,2
2020-01-14,0.515691,4
2020-01-15,0.533972,5
2020-01-16,0.515026,13
2020-01-17,0.515221,5
2020-01-18,0.514979,1
2020-01-19,0.512986,1
2020-01-20,0.530759,14
2020-01-24,0.541404,1
2020-01-25,0.547058,1
2020-01-29,0.527941,1
2020-01-30,0.485911,7
2020-01-31,0.509806,3
2020-02-02,0.513426,1
2020-02-03,0.492967,3
2020-02-04,0.499775,1
2020-02-05,0.479551,5
2020-02-06,0.501907,2
2020-02-07,0.523013,4
2020-02-09,0.489742,1
2020-02-10,0.535778,2
2020-02-11,0.49339,5
2020-02-12,0.507736,1
2020-02-13,0.500121,3
2020-02-15,0.493309,2
2020-02-17,0.49062,1
2020-02-18,0.50078,3
2020-02-19,0.510096,2
2020-02-20,0.512782,5
2020-02-21,0.529181,2
2020-02-22,0.525204,1
2020-02-23,0.497258,2
2020-02-24,0.506507,4
2020-02-25,0.496308,6
2020-02-26,0.500501,3
2020-02-27,0.487711,3
2020-02-29,0.501148,1
2020-03-02,0.51113,6
2020-03-03,0.532251,4
2020-03-04,0.510864,3
2020-03-05,0.52849,1
2020-03-06,0.506602,2
2020-03-07,0.475213,1
2020-03-08,0.49348,2
2020-03-09,0.473536,5
2020-03-10,0.487119,7
2020-03-11,0.538651,1
2020-03-12,0.469958,4
2020-03-13,0.436476,3
2020-03-14,0.47158,1
2020-03-15,0.502566,3
2020-03-16,0.473938,6
2020-03-17,0.498466,3
2020-03-18,0.47975,6
2020-03-19,0.497675,11
2020-03-20,0.507672,3
2020-03-21,0.478156,2
2020-03-22,0.474615,1
2020-03-23,0.450816,5
2020-03-24,0.53183,7
2020-03-25,0.494654,1
2020-03-26,0.524319,2
2020-03-27,0.530115,1
2020-03-29,0.452103,1
2020-03-30,0.48573,3
2020-03-31,0.502044,8
2020-04-01,0.517355,3
2020-04-04,0.501787,1
2020-04-05,0.501546,1
2020-04-06,0.529333,3
2020-04-07,0.50245,4
2020-04-08,0.531751,1
2020-04-09,0.481048,1
2020-04-10,0.515815,6
2020-04-12,0.503525,4
2020-04-13,0.489308,5
2020-04-14,0.509414,3
2020-04-15,0.489809,3
2020-04-16,0.507035,13
2020-04-17,0.509732,9
2020-04-18,0.478951,1
2020-04-19,0.495786,2
2020-04-20,0.507429,5
2020-04-21,0.511634,5
2020-04-22,0.523237,4
2020-04-23,0.499895,2
2020-04-24,0.521582,4
2020-04-25,0.461341,1
2020-04-26,0.522546,2
2020-04-27,0.502751,3
2020-04-28,0.511851,2
2020-04-29,0.501347,2
2020-04-30,0.520425,8
2020-05-01,0.538586,2
2020-05-03,0.521663,3
2020-05-04,0.519852,4
2020-05-05,0.531291,1
2020-05-06,0.529129,3
2020-05-07,0.510169,1
2020-05-08,0.499093,4
2020-05-09,0.514905,1
2020-05-10,0.510876,1
2020-05-11,0.506302,2
2020-05-12,0.510795,7
2020-05-13,0.519314,3
2020-05-14,0.511968,2
2020-05-15,0.529593,14
2020-05-16,0.506414,2
2020-05-17,0.502238,3
2020-05-18,0.487803,8
2020-05-19,0.523414,4
2020-05-20,0.517727,3
2020-05-21,0.520099,5
2020-05-22,0.516377,4
2020-05-23,0.495453,1
2020-05-24,0.484742,2
2020-05-25,0.542813,5
2020-05-26,0.52983,2
2020-05-27,0.502901,3
2020-05-28,0.521928,3
2020-05-29,0.523034,5
2020-06-01,0.517396,6
2020-06-02,0.49666,4
2020-06-03,0.521727,3
2020-06-05,0.524589,2
2020-06-06,0.509883,2
2020-06-07,0.507522,2
2020-06-08,0.534327,2
2020-06-09,0.508724,12
2020-06-10,0.520397,3
2020-06-11,0.510525,3
2020-06-12,0.508589,6
2020-06-13,0.511232,2
2020-06-14,0.490078,1
2020-06-15,0.523569,5
2020-06-16,0.531458,6
2020-06-17,0.481111,2
2020-06-18,0.520304,6
2020-06-19,0.534249,1
2020-06-20,0.488212,2
2020-06-21,0.478031,1
2020-06-22,0.514547,3
2020-06-23,0.523689,6
2020-06-24,0.514625,10
2020-06-25,0.530312,2
2020-06-26,0.537579,1
2020-06-28,0.493767,1
2020-06-29,0.490385,3
2020-06-30,0.517189,3
2020-07-01,0.532939,3
2020-07-02,0.520779,6
2020-07-03,0.531788,4
2020-07-04,0.519895,1
2020-07-05,0.49722,2
2020-07-06,0.518475,3
2020-07-07,0.49018,4
2020-07-08,0.506956,5
2020-07-09,0.530014,5
2020-07-10,0.518054,5
2020-07-11,0.515815,4
2020-07-12,0.497105,3
2020-07-13,0.523615,4
2020-07-14,0.550059,1
2020-07-15,0.538085,4
2020-07-16,0.511144,11
2020-07-17,0.518982,9
2020-07-18,0.508532,1
2020-07-19,0.534071,3
2020-07-20,0.515563,4
2020-07-21,0.529985,3
2020-07-22,0.552475,2
2020-07-23,0.522432,3
2020-07-24,0.51885,10
2020-07-25,0.521798,3
2020-07-26,0.516465,3
2020-07-27,0.522601,13
2020-07-28,0.522009,9
2020-07-29,0.53861,4
2020-07-30,0.539323,2
2020-07-31,0.517111,3
2020-08-01,0.52985,1
2020-08-02,0.510292,2
2020-08-03,0.513278,5
2020-08-04,0.515762,5
2020-08-05,0.523258,6
2020-08-06,0.529648,3
2020-08-08,0.457781,1
2020-08-09,0.487417,1
2020-08-10,0.509496,6
2020-08-11,0.494678,4
2020-08-12,0.50914,5
2020-08-13,0.521825,3
2020-08-15,0.480504,1
2020-08-17,0.495662,1
2020-08-18,0.494391,6
2020-08-19,0.497351,3
2020-08-20,0.484223,6
2020-08-21,0.50862,5
2020-08-22,0.486801,1
2020-08-23,0.519195,2
2020-08-24,0.527046,7
2020-08-25,0.521614,12
2020-08-26,0.52123,13
2020-08-27,0.535746,6
2020-08-28,0.501639,6
2020-08-29,0.494266,1
2020-08-31,0.507746,3
2020-09-01,0.519919,4
2020-09-02,0.512951,7
2020-09-03,0.497905,7
2020-09-04,0.485109,4
2020-09-05,0.49421,1
2020-09-06,0.514426,3
2020-09-07,0.518123,7
2020-09-08,0.48697,5
2020-09-09,0.508233,2
2020-09-10,0.524107,7
2020-09-11,0.49704,4
2020-09-12,0.4912,1
2020-09-13,0.496479,3
2020-09-14,0.528576,1
2020-09-15,0.487389,2
2020-09-16,0.509146,14
2020-09-17,0.500858,18
2020-09-18,0.500034,13
2020-09-19,0.488117,2
2020-09-21,0.52006,4
2020-09-22,0.511125,5
2020-09-23,0.51368,9
2020-09-24,0.493946,7
2020-09-25,0.494389,5
2020-09-26,0.489159,2
2020-09-27,0.525676,2
2020-09-28,0.504089,5
2020-09-29,0.527119,5
2020-09-30,0.521434,7
2020-10-01,0.522957,3
2020-10-03,0.529248,1
2020-10-04,0.523901,2
2020-10-05,0.543914,2
2020-10-06,0.507655,3
2020-10-07,0.519385,1
2020-10-08,0.53065,7
2020-10-09,0.527599,1
2020-10-10,0.509374,1
2020-10-11,0.513183,4
2020-10-12,0.519522,5
2020-10-13,0.509214,4
2020-10-14,0.499422,4
2020-10-15,0.520781,12
2020-10-16,0.503244,5
2020-10-17,0.511774,1
2020-10-18,0.511161,1
2020-10-19,0.526243,3
2020-10-20,0.497645,4
2020-10-21,0.516737,1
2020-10-22,0.525516,4
2020-10-23,0.518977,4
2020-10-24,0.562642,1
2020-10-25,0.504235,1
2020-10-26,0.495047,3
2020-10-27,0.519622,9
2020-10-28,0.504035,5
2020-10-29,0.509301,4
2020-10-30,0.517617,5
2020-10-31,0.523088,2
2020-11-02,0.499946,4
2020-11-03,0.500478,3
2020-11-04,0.507321,3
2020-11-05,0.543036,4
2020-11-06,0.516351,2
2020-11-08,0.501533,3
2020-11-09,0.554949,3
2020-11-10,0.505692,4
2020-11-11,0.510248,2
2020-11-12,0.526384,3
2020-11-13,0.518674,6
2020-11-14,0.512028,2
2020-11-15,0.5149,1
2020-11-16,0.525068,4
2020-11-17,0.519398,7
2020-11-18,0.521958,4
2020-11-19,0.511933,6
2020-11-20,0.510539,4
2020-11-21,0.501144,1
2020-11-22,0.490402,1
2020-11-23,0.508518,4
2020-11-24,0.522539,7
2020-11-25,0.521816,6
2020-11-26,0.502537,5
2020-11-27,0.52203,5
2020-11-28,0.513898,3
2020-11-29,0.525561,2
2020-11-30,0.492585,5
2020-12-01,0.534253,1
2020-12-02,0.515804,6
2020-12-03,0.525354,5
2020-12-04,0.535723,2
2020-12-05,0.49465,2
2020-12-06,0.49642,2
2020-12-07,0.530415,10
2020-12-08,0.518647,11
2020-12-09,0.526694,10
2020-12-10,0.513063,10
2020-12-11,0.507,7
2020-12-12,0.53547,4
2020-12-13,0.49955,3
2020-12-14,0.494575,10
2020-12-15,0.496145,11
2020-12-16,0.504352,9
2020-12-17,0.49675,9
2020-12-18,0.505886,7
2020-12-19,0.492137,1
2020-12-21,0.521566,2
2020-12-22,0.509095,3
2020-12-23,0.524971,11
2020-12-24,0.523059,7
2020-12-25,0.526563,3
2020-12-26,0.438928,1
2020-12-28,0.51161,3
2020-12-29,0.521374,7
2020-12-30,0.52898,5
2020-12-31,0.524655,16
2021-01-01,0.523235,1
2021-01-03,0.531852,2
2021-01-04,0.53598,9
2021-01-05,0.523284,7
2021-01-06,0.525604,4
2021-01-07,0.51152,5
2021-01-08,0.529959,10
2021-01-09,0.492507,2
2021-01-10,0.50226,3
2021-01-11,0.515194,9
2021-01-12,0.523939,11
2021-01-13,0.523984,12
2021-01-14,0.52922,16
2021-01-15,0.51685,12
2021-01-16,0.518486,1
2021-01-17,0.518269,3
2021-01-18,0.51799,4
2021-01-19,0.534054,5
2021-01-20,0.519451,9
2021-01-21,0.537485,12
2021-01-22,0.49459,8
2021-01-23,0.549972,1
2021-01-24,0.481969,3
2021-01-25,0.504068,8
2021-01-26,0.508424,7
2021-01-27,0.532505,9
2021-01-28,0.501831,6
2021-01-29,0.511114,9
2021-01-31,0.490425,2
2021-02-01,0.541839,6
2021-02-02,0.514044,8
2021-02-03,0.538022,3
2021-02-04,0.510541,4
2021-02-05,0.516309,4
2021-02-08,0.484872,2
2021-02-09,0.509309,8
2021-02-10,0.530208,2
2021-02-11,0.514469,1
2021-02-12,0.535174,1
2021-02-14,0.554115,1
2021-02-15,0.568509,1
2021-02-16,0.523299,2
2021-02-17,0.52948,6
2021-02-18,0.529248,5
2021-02-19,0.517596,4
2021-02-20,0.505525,2
2021-02-21,0.530963,1
2021-02-22,0.531445,5
2021-02-23,0.496102,4
2021-02-24,0.50345,5
2021-02-25,0.523057,8
2021-02-26,0.49095,5
2021-03-01,0.460198,1
2021-03-02,0.530959,2
2021-03-03,0.529791,3
2021-03-04,0.490139,7
2021-03-06,0.536182,1
2021-03-07,0.511756,2
2021-03-09,0.522788,2
2021-03-10,0.542705,4
2021-03-11,0.516836,3
2021-03-12,0.497328,6
2021-03-13,0.484859,1
2021-03-14,0.481313,1
2021-03-15,0.536795,4
2021-03-16,0.498856,5
2021-03-17,0.499906,3
2021-03-18,0.506562,2
2021-03-19,0.495754,3
2021-03-20,0.491262,2
2021-03-21,0.503463,1
2021-03-22,0.502575,1
2021-03-23,0.527613,7
2021-03-24,0.50671,8
2021-03-25,0.502818,5
2021-03-26,0.535625,3
2021-03-27,0.515962,1
2021-03-28,0.507597,3
2021-03-29,0.524573,7
2021-03-30,0.505827,7
2021-03-31,0.502806,10
2021-04-01,0.528596,7
2021-04-02,0.54509,1
2021-04-03,0.525666,1
2021-04-04,0.514578,1
2021-04-06,0.519354,6
2021-04-07,0.517981,4
2021-04-08,0.524877,5
2021-04-09,0.504478,7
2021-04-10,0.52537,2
2021-04-11,0.517147,2
2021-04-12,0.502331,5
2021-04-13,0.493593,4
2021-04-14,0.462351,8
2021-04-15,0.507181,18
2021-04-16,0.519855,11
2021-04-17,0.514038,4
2021-04-18,0.529872,4
2021-04-19,0.523099,7
2021-04-20,0.516207,9
2021-04-21,0.51417,8
2021-04-22,0.50332,5
2021-04-23,0.520554,6
2021-04-24,0.518971,1
2021-04-25,0.545458,1
2021-04-26,0.527181,2
2021-04-27,0.513426,5
2021-04-28,0.512744,6
2021-04-29,0.528684,9
2021-05-01,0.504339,2
2021-05-02,0.47699,1
2021-05-03,0.500082,6
2021-05-04,0.504235,10
2021-05-05,0.521169,10
2021-05-06,0.500946,4
2021-05-07,0.522813,8
2021-05-09,0.508389,1
2021-05-10,0.439642,3
2021-05-11,0.49447,9
2021-05-12,0.480389,7
2021-05-13,0.487927,5
2021-05-14,0.527681,3
2021-05-15,0.500773,3
2021-05-17,0.499254,6
2021-05-18,0.534359,5
2021-05-19,0.513504,5
2021-05-20,0.506483,6
2021-05-21,0.502857,2
2021-05-22,0.480643,2
2021-05-24,0.523636,3
2021-05-25,0.518019,6
2021-05-26,0.519705,4
2021-05-27,0.505873,4
2021-05-28,0.533479,3
2021-05-29,0.546021,1
2021-05-30,0.515231,2
2021-05-31,0.526968,7
2021-06-01,0.512464,3
2021-06-02,0.527599,11
2021-06-03,0.516946,5
2021-06-04,0.480245,1
2021-06-05,0.495328,2
2021-06-06,0.502834,3
2021-06-07,0.447715,1
2021-06-08,0.488008,3
2021-06-09,0.524442,4
2021-06-10,0.522051,7
2021-06-11,0.519458,6
2021-06-12,0.527579,2
2021-06-13,0.472717,1
2021-06-15,0.522117,4
2021-06-16,0.516915,4
2021-06-17,0.496558,6
2021-06-18,0.512671,2
2021-06-19,0.513168,1
2021-06-20,0.502122,4
2021-06-21,0.498996,10
2021-06-22,0.521276,5
2021-06-23,0.504877,6
2021-06-24,0.502108,6
2021-06-28,0.501534,2
2021-06-29,0.542589,2
2021-06-30,0.526938,7
2021-07-01,0.51263,8
2021-07-02,0.525551,3
2021-07-03,0.499028,2
2021-07-04,0.498182,2
2021-07-05,0.527051,2
2021-07-06,0.504303,5
2021-07-07,0.50205,2
2021-07-08,0.534784,1
2021-07-09,0.547141,2
2021-07-10,0.48478,1
2021-07-11,0.511591,6
2021-07-12,0.505872,9
2021-07-13,0.481706,1
2021-07-14,0.494729,8
2021-07-15,0.514765,14
2021-07-16,0.502128,10
2021-07-17,0.506726,1
2021-07-18,0.515468,3
2021-07-19,0.505562,8
2021-07-20,0.485305,4
2021-07-21,0.518569,4
2021-07-22,0.509117,3
2021-07-23,0.518935,2
2021-07-24,0.483425,3
2021-07-25,0.498145,4
2021-07-26,0.509645,13
2021-07-27,0.515232,12
2021-07-28,0.518769,9
2021-07-29,0.518048,6
2021-07-30,0.494466,6
2021-07-31,0.480831,1
2021-08-01,0.499989,1
2021-08-02,0.507381,8
2021-08-03,0.522256,6
2021-08-04,0.523929,1
2021-08-05,0.486866,3
2021-08-06,0.511611,3
2021-08-08,0.503201,2
2021-08-09,0.497029,2
2021-08-10,0.503648,4
2021-08-11,0.506714,10
2021-08-12,0.500843,8
2021-08-13,0.552559,1
2021-08-14,0.491463,2
2021-08-15,0.499809,1
2021-08-16,0.472218,3
2021-08-17,0.49834,7
2021-08-18,0.506243,2
2021-08-19,0.488077,6
2021-08-20,0.513798,5
2021-08-21,0.474995,2
2021-08-23,0.532717,5
2021-08-24,0.519365,6
2021-08-25,0.512883,10
2021-08-26,0.508894,19
2021-08-27,0.514826,10
2021-08-28,0.509788,1
2021-08-29,0.482457,1
2021-08-30,0.517474,8
2021-08-31,0.525281,6
2021-09-01,0.510062,12
2021-09-02,0.517853,12
2021-09-03,0.514596,13
2021-09-04,0.560126,1
2021-09-05,0.518483,3
2021-09-06,0.496902,17
2021-09-07,0.493878,9
2021-09-08,0.520878,5
2021-09-09,0.511006,7
2021-09-10,0.525001,7
2021-09-11,0.539157,2
2021-09-12,0.496607,2
2021-09-13,0.509815,9
2021-09-14,0.529325,6
2021-09-15,0.496252,13
2021-09-16,0.501795,12
2021-09-17,0.484151,10
2021-09-18,0.54791,1
2021-09-19,0.523365,1
2021-09-22,0.498696,8
2021-09-23,0.518791,8
2021-09-24,0.508971,5
2021-09-27,0.508275,7
2021-09-28,0.534274,3
2021-09-29,0.49968,7
2021-09-30,0.509567,8
2021-10-01,0.510475,4
2021-10-02,0.487299,2
2021-10-03,0.475748,2
2021-10-04,0.514455,9
2021-10-05,0.519132,7
2021-10-06,0.509142,8
2021-10-07,0.509942,4
2021-10-08,0.527277,4
2021-10-09,0.538904,2
2021-10-10,0.505652,2
2021-10-11,0.494578,2
2021-10-12,0.510654,7
2021-10-13,0.518366,6
2021-10-14,0.514128,11
2021-10-15,0.515529,9
2021-10-16,0.511426,2
2021-10-17,0.523305,3
2021-10-18,0.5137,6
2021-10-19,0.521573,3
2021-10-20,0.524004,2
2021-10-21,0.50015,8
2021-10-22,0.519126,8
2021-10-24,0.498135,4
2021-10-25,0.544557,5
2021-10-26,0.502147,8
2021-10-27,0.513342,7
2021-10-28,0.53714,6
2021-10-29,0.490022,7
2021-10-30,0.530388,1
2021-10-31,0.515177,1
2021-11-01,0.513364,5
2021-11-02,0.512512,4
2021-11-03,0.539006,4
2021-11-04,0.42351,1
2021-11-05,0.551752,4
2021-11-06,0.502443,1
2021-11-07,0.511195,3
2021-11-08,0.544509,2
2021-11-09,0.527193,9
2021-11-10,0.517152,11
2021-11-11,0.510519,6
2021-11-12,0.498219,5
2021-11-13,0.493105,2
2021-11-14,0.531703,5
2021-11-15,0.517851,6
2021-11-16,0.535221,4
2021-11-17,0.51347,1
2021-11-18,0.529948,5
2021-11-19,0.527248,6
2021-11-20,0.527957,2
2021-11-21,0.495112,4
2021-11-22,0.489877,5
2021-11-23,0.526731,7
2021-11-24,0.508589,4
2021-11-25,0.527983,4
2021-11-26,0.488959,2
2021-11-27,0.500927,1
2021-11-28,0.504875,3
2021-11-29,0.504334,5
2021-11-30,0.509991,11
2021-12-01,0.520941,6
2021-12-02,0.518463,9
2021-12-03,0.505939,11
2021-12-04,0.482372,1
2021-12-05,0.511004,2
2021-12-06,0.518895,5
2021-12-07,0.51888,6
2021-12-08,0.531482,4
2021-12-09,0.515934,10
2021-12-10,0.508807,9
2021-12-11,0.512577,2
2021-12-13,0.529292,4
2021-12-14,0.503291,10
2021-12-15,0.509327,12
2021-12-16,0.508379,18
2021-12-17,0.512192,15
2021-12-18,0.518539,1
2021-12-19,0.526839,2
2021-12-20,0.502701,6
2021-12-21,0.516681,8
2021-12-22,0.521023,5
2021-12-23,0.522476,4
2021-12-24,0.516312,2
2021-12-25,0.511859,1
2021-12-26,0.534085,3
2021-12-27,0.531938,15
2021-12-28,0.525388,15
2021-12-29,0.523581,12
2021-12-30,0.525417,10
2021-12-31,0.523029,2
2022-01-01,0.498671,1
2022-01-02,0.504504,1
2022-01-03,0.529386,11
2022-01-04,0.526143,5
2022-01-05,0.516325,5
2022-01-06,0.499012,5
2022-01-07,0.528379,3
2022-01-08,0.531607,1
2022-01-09,0.523982,4
2022-01-10,0.524015,6
2022-01-11,0.510565,11
2022-01-12,0.528945,8
2022-01-13,0.531677,13
2022-01-14,0.51959,8
2022-01-15,0.526702,2
2022-01-16,0.510154,2
2022-01-17,0.518199,5
2022-01-18,0.504703,8
2022-01-19,0.53018,5
2022-01-20,0.484284,2
2022-01-21,0.462635,2
2022-01-22,0.513529,5
2022-01-23,0.547059,1
2022-01-24,0.502137,4
2022-01-25,0.505278,6
2022-01-26,0.517106,5
2022-01-27,0.511363,2
2022-01-28,0.507598,1
2022-02-02,0.523386,1
2022-02-03,0.538226,1
2022-02-05,0.521327,2
2022-02-06,0.538321,4
2022-02-07,0.533047,6
2022-02-08,0.513763,7
2022-02-09,0.533527,3
2022-02-10,0.541541,4
2022-02-11,0.512788,2
2022-02-12,0.536392,1
2022-02-13,0.519477,2
2022-02-14,0.521438,5
2022-02-15,0.514627,14
2022-02-16,0.503205,6
2022-02-17,0.518883,4
2022-02-18,0.529073,5
2022-02-19,0.523591,2
2022-02-20,0.511484,2
2022-02-21,0.525436,4
2022-02-22,0.512816,6
2022-02-23,0.512976,6
2022-02-24,0.488828,4
2022-02-25,0.497932,7
2022-02-26,0.496406,3
2022-02-27,0.490473,1
2022-03-01,0.508716,9
2022-03-02,0.531669,3
2022-03-03,0.508899,7
2022-03-04,0.488979,5
2022-03-05,0.498523,3
2022-03-06,0.52141,5
2022-03-07,0.514661,5
2022-03-08,0.501209,5
2022-03-09,0.505008,5
2022-03-10,0.496961,7
2022-03-11,0.516696,6
2022-03-12,0.525662,1
2022-03-13,0.500935,1
2022-03-14,0.533723,3
2022-03-15,0.50732,7
2022-03-16,0.486889,4
2022-03-17,0.470738,3
2022-03-18,0.527038,4
2022-03-20,0.521858,2
2022-03-21,0.499308,5
2022-03-22,0.499169,3
2022-03-23,0.504237,8
2022-03-24,0.519657,4
2022-03-25,0.494427,4
2022-03-26,0.532299,1
2022-03-27,0.472832,1
2022-03-28,0.499939,6
2022-03-29,0.538136,6
2022-03-30,0.515735,11
2022-03-31,0.530012,6
2022-04-01,0.498859,6
2022-04-02,0.501896,1
2022-04-03,0.4684,3
2022-04-04,0.550392,1
2022-04-05,0.53245,3
2022-04-06,0.502926,6
2022-04-07,0.488723,7
2022-04-08,0.529958,5
2022-04-09,0.53598,1
2022-04-10,0.513127,3
2022-04-11,0.50356,5
2022-04-12,0.507156,15
2022-04-13,0.50105,5
2022-04-14,0.511496,13
2022-04-15,0.490577,13
2022-04-16,0.504327,1
2022-04-17,0.509295,4
2022-04-18,0.508145,5
2022-04-19,0.497918,4
2022-04-20,0.521588,5
2022-04-21,0.496804,3
2022-04-22,0.518766,6
2022-04-24,0.450546,1
2022-04-25,0.492498,10
2022-04-26,0.533654,3
2022-04-27,0.486412,4
2022-04-28,0.517265,5
2022-04-29,0.512051,10
2022-04-30,0.442447,1
2022-05-03,0.462383,4
2022-05-04,0.516886,4
2022-05-05,0.521677,6
2022-05-06,0.49452,3
2022-05-07,0.551796,1
2022-05-08,0.503307,2
2022-05-09,0.491982,5
2022-05-10,0.485773,9
2022-05-11,0.497,9
2022-05-12,0.508922,5
2022-05-13,0.500844,6
2022-05-14,0.48766,2
2022-05-15,0.494568,2
2022-05-16,0.495846,3
2022-05-17,0.537651,3
2022-05-18,0.500868,2
2022-05-19,0.498164,8
2022-05-20,0.519177,5
2022-05-21,0.513468,1
2022-05-23,0.529809,3
2022-05-24,0.520804,3
2022-05-25,0.468802,3
2022-05-26,0.514664,4
2022-05-27,0.497578,1
2022-05-30,0.540983,3
2022-05-31,0.528936,4
2022-06-01,0.511807,3
2022-06-02,0.537262,4
2022-06-04,0.513184,1
2022-06-05,0.511687,2
2022-06-06,0.520339,3
2022-06-07,0.509886,5
2022-06-08,0.514001,11
2022-06-09,0.515937,3
2022-06-10,0.505278,6
2022-06-11,0.531047,1
2022-06-12,0.502675,3
2022-06-13,0.4774,5
2022-06-14,0.495528,7
2022-06-15,0.495763,6
2022-06-16,0.501542,10
2022-06-17,0.481732,9
2022-06-18,0.481785,1
2022-06-19,0.480666,1
2022-06-20,0.499122,6
2022-06-21,0.484025,1
2022-06-22,0.527141,2
2022-06-23,0.498426,6
2022-06-24,0.498937,6
2022-06-27,0.511033,3
2022-06-28,0.501441,1
2022-06-29,0.496701,7
2022-06-30,0.503514,13
2022-07-01,0.457123,8
2022-07-02,0.455198,2
2022-07-03,0.477702,4
2022-07-04,0.505496,7
2022-07-05,0.496807,6
2022-07-06,0.500956,5
2022-07-07,0.494245,4
2022-07-08,0.517063,6
2022-07-10,0.503594,4
2022-07-11,0.530563,5
2022-07-12,0.479668,6
2022-07-13,0.514243,10
2022-07-14,0.504973,15
2022-07-15,0.513645,14
2022-07-16,0.550271,2
2022-07-17,0.483313,1
2022-07-18,0.510693,8
2022-07-19,0.491412,6
2022-07-20,0.503284,9
2022-07-21,0.489443,4
2022-07-22,0.510202,8
2022-07-24,0.524303,3
2022-07-25,0.504093,5
2022-07-26,0.474281,7
2022-07-27,0.458303,3
2022-07-28,0.501151,5
2022-07-29,0.50877,8
2022-07-30,0.480524,1
2022-07-31,0.524584,1
2022-08-01,0.510193,4
2022-08-02,0.511724,2
2022-08-03,0.510078,8
2022-08-04,0.497693,11
2022-08-05,0.515027,10
2022-08-07,0.49289,2
2022-08-08,0.530628,6
2022-08-09,0.510355,4
2022-08-10,0.481377,9
2022-08-11,0.510271,12
2022-08-12,0.514407,9
2022-08-13,0.483655,1
2022-08-14,0.509743,1
2022-08-15,0.512577,7
2022-08-16,0.526112,9
2022-08-17,0.507278,8
2022-08-18,0.512636,7
2022-08-19,0.51505,5
2022-08-20,0.4796,1
2022-08-22,0.517777,6
2022-08-23,0.51467,4
2022-08-24,0.501695,8
2022-08-25,0.499002,9
2022-08-26,0.49349,4
2022-08-27,0.570728,1
2022-08-28,0.509271,1
2022-08-29,0.47203,4
2022-08-30,0.497293,11
2022-08-31,0.507905,9
2022-09-01,0.505514,14
2022-09-02,0.475425,8
2022-09-03,0.504763,3
2022-09-05,0.51137,5
2022-09-06,0.520841,8
2022-09-07,0.489106,16
2022-09-08,0.508216,20
2022-09-09,0.480578,2
2022-09-12,0.528696,9
2022-09-13,0.51423,6
2022-09-14,0.493287,10
2022-09-15,0.493685,11
2022-09-16,0.479216,5
2022-09-17,0.502725,2
2022-09-18,0.466846,1
2022-09-19,0.493078,6
2022-09-20,0.511701,6
2022-09-21,0.51246,7
2022-09-22,0.483384,10
2022-09-23,0.474819,4
2022-09-24,0.531762,1
2022-09-25,0.495324,1
2022-09-26,0.460944,3
2022-09-27,0.45409,3
2022-09-28,0.500705,9
2022-09-29,0.514218,4
2022-09-30,0.488089,5
2022-10-01,0.46366,2
2022-10-02,0.479333,2
2022-10-03,0.470442,3
2022-10-04,0.523031,8
2022-10-05,0.535602,8
2022-10-06,0.53226,7
2022-10-07,0.497882,5
2022-10-08,0.516841,2
2022-10-09,0.523717,1
2022-10-10,0.500361,1
2022-10-11,0.47609,5
2022-10-12,0.4842,10
2022-10-13,0.494292,16
2022-10-14,0.499285,4
2022-10-15,0.506829,1
2022-10-16,0.501449,2
2022-10-17,0.487436,5
2022-10-18,0.518467,10
2022-10-19,0.514515,9
2022-10-20,0.492931,9
2022-10-21,0.495604,6
2022-10-22,0.499209,1
2022-10-23,0.483586,2
2022-10-24,0.512684,10
2022-10-25,0.466825,11
2022-10-26,0.516214,9
2022-10-27,0.513096,12
2022-10-28,0.479432,5
2022-10-29,0.535079,2
2022-10-30,0.507836,1
2022-10-31,0.513994,11
2022-11-01,0.506317,9
2022-11-02,0.496175,4
2022-11-03,0.502032,6
2022-11-04,0.487754,5
2022-11-05,0.427385,1
2022-11-06,0.518386,1
2022-11-07,0.516091,8
2022-11-08,0.501135,7
2022-11-09,0.5002,12
2022-11-10,0.514011,8
2022-11-11,0.523084,15
2022-11-12,0.509162,2
2022-11-13,0.517658,2
2022-11-14,0.526514,4
2022-11-15,0.529025,14
2022-11-16,0.508332,14
2022-11-17,0.516618,6
2022-11-18,0.496613,6
2022-11-19,0.534176,4
2022-11-20,0.489242,3
2022-11-21,0.512051,11
2022-11-22,0.509506,8
2022-11-23,0.505556,3
2022-11-24,0.519949,2
2022-11-25,0.507277,5
2022-11-26,0.504954,2
2022-11-27,0.547948,1
2022-11-28,0.490703,7
2022-11-29,0.507367,7
2022-11-30,0.505714,6
2022-12-01,0.524796,9
2022-12-02,0.513107,5
2022-12-03,0.535984,2
2022-12-04,0.500436,2
2022-12-05,0.50961,6
2022-12-06,0.501795,15
2022-12-07,0.505083,9
2022-12-08,0.505843,12
2022-12-09,0.524709,13
2022-12-10,0.518064,1
2022-12-11,0.475086,1
2022-12-12,0.511935,8
2022-12-13,0.522074,7
2022-12-14,0.509433,12
2022-12-15,0.491598,14
2022-12-16,0.489902,15
2022-12-17,0.513628,5
2022-12-19,0.516239,5
2022-12-20,0.495748,5
2022-12-21,0.491123,3
2022-12-22,0.510832,7
2022-12-23,0.500766,13
2022-12-24,0.506045,1
2022-12-26,0.490366,7
2022-12-27,0.51032,10
2022-12-28,0.50177,13
2022-12-29,0.509524,11
2022-12-30,0.506917,16
2022-12-31,0.481712,1
2023-01-02,0.556881,2
2023-01-03,0.536526,5
2023-01-04,0.523527,6
2023-01-05,0.498662,10
2023-01-06,0.52279,8
2023-01-07,0.535375,1
2023-01-08,0.502568,2
2023-01-09,0.529861,8
2023-01-10,0.521894,9
2023-01-11,0.498922,10
2023-01-12,0.50283,13
2023-01-13,0.520626,10
2023-01-15,0.526332,3
2023-01-16,0.527901,9
2023-01-17,0.522751,5
2023-01-18,0.534204,1
2023-01-19,0.501149,2
2023-01-22,0.528714,1
2023-01-27,0.526134,2
2023-01-29,0.557321,1
2023-01-30,0.526014,14
2023-01-31,0.515208,10
2023-02-01,0.528631,5
2023-02-02,0.522068,10
2023-02-03,0.516865,6
2023-02-04,0.475844,1
2023-02-05,0.517603,2
2023-02-06,0.513764,8
2023-02-07,0.499681,5
2023-02-08,0.522227,7
2023-02-09,0.508434,7
2023-02-10,0.527978,10
2023-02-13,0.50163,3
2023-02-14,0.513475,9
2023-02-15,0.514127,7
2023-02-16,0.494658,8
2023-02-17,0.51466,6
2023-02-18,0.505569,1
2023-02-20,0.505366,4
2023-02-21,0.516291,5
2023-02-22,0.494062,5
2023-02-23,0.509632,7
2023-02-24,0.518195,8
2023-03-01,0.515298,3
2023-03-02,0.510179,5
2023-03-03,0.529165,8
2023-03-04,0.540622,1
2023-03-05,0.521091,1
2023-03-06,0.52525,3
2023-03-07,0.518018,5
2023-03-08,0.530887,2
2023-03-09,0.522724,3
2023-03-10,0.464728,5
2023-03-11,0.532145,1
2023-03-12,0.472991,1
2023-03-13,0.50459,5
2023-03-14,0.499638,4
2023-03-15,0.503135,4
2023-03-16,0.487173,7
2023-03-17,0.519199,10
2023-03-18,0.464959,1
2023-03-20,0.521041,3
2023-03-21,0.500301,3
2023-03-22,0.491903,6
2023-03-24,0.499795,3
2023-03-25,0.464536,1
2023-03-27,0.500407,3
2023-03-28,0.516396,3
2023-03-29,0.496145,2
2023-03-30,0.500461,3
2023-03-31,0.4971,3
2023-04-01,0.505318,1
2023-04-05,0.455366,1
2023-04-06,0.503939,3
2023-04-10,0.485235,5
2023-04-11,0.488509,4
2023-04-12,0.516813,3
2023-04-13,0.485575,8
2023-04-14,0.458025,2
2023-04-15,0.470684,1
2023-04-16,0.520023,3
2023-04-17,0.525155,7
2023-04-18,0.513104,3
2023-04-19,0.48715,5
2023-04-20,0.499948,16
2023-04-21,0.48688,8
2023-04-22,0.484896,1
2023-04-24,0.528334,4
2023-04-25,0.482624,5
2023-04-26,0.504771,5
2023-04-27,0.511715,8
2023-04-28,0.517153,6
2023-04-29,0.5058,2
2023-05-01,0.523594,1
2023-05-02,0.506543,3
2023-05-03,0.458022,2
2023-05-04,0.519169,4
2023-05-05,0.496436,8
2023-05-07,0.506546,1
2023-05-08,0.523449,4
2023-05-09,0.523907,6
2023-05-10,0.498969,9
2023-05-11,0.497034,8
2023-05-12,0.499466,6
2023-05-13,0.520413,2
2023-05-14,0.495156,2
2023-05-15,0.528602,3
2023-05-16,0.532865,4
2023-05-17,0.520622,9
2023-05-18,0.53831,9
2023-05-19,0.525949,6
2023-05-20,0.509824,1
2023-05-22,0.520735,4
2023-05-23,0.512891,5
2023-05-24,0.479133,4
2023-05-25,0.529295,9
2023-05-26,0.540245,7
2023-05-27,0.57007,1
2023-05-28,0.542695,1
2023-05-29,0.521646,4
2023-05-30,0.520236,3
2023-05-31,0.507173,3
2023-06-01,0.530424,7
2023-06-02,0.506966,7
2023-06-04,0.521955,2
2023-06-05,0.52662,5
2023-06-06,0.513498,10
2023-06-07,0.508675,5
2023-06-08,0.499082,4
2023-06-09,0.504978,5
2023-06-10,0.536083,2
2023-06-11,0.497287,2
2023-06-12,0.495499,7
2023-06-13,0.532168,9
2023-06-14,0.481144,3
2023-06-15,0.51544,6
2023-06-16,0.515103,4
2023-06-17,0.484135,3
2023-06-18,0.500424,4
2023-06-19,0.508656,5
2023-06-20,0.502806,4
2023-06-21,0.521186,6
2023-06-23,0.529453,1
2023-06-26,0.492232,1
2023-06-27,0.46735,2
2023-06-28,0.509878,4
2023-06-29,0.515035,5
2023-06-30,0.493581,5
2023-07-01,0.514212,4
2023-07-02,0.476897,1
2023-07-03,0.512482,3
2023-07-04,0.52515,5
2023-07-05,0.50493,3
2023-07-06,0.532988,2
2023-07-07,0.497256,3
2023-07-08,0.477194,2
2023-07-09,0.486148,1
2023-07-10,0.496328,2
2023-07-11,0.507445,5
2023-07-12,0.523117,3
2023-07-13,0.521612,2
2023-07-14,0.520136,4
2023-07-15,0.475136,1
2023-07-16,0.516181,1
2023-07-17,0.530713,4
2023-07-18,0.467053,2
2023-07-19,0.52085,5
2023-07-20,0.503974,14
2023-07-21,0.49856,10
2023-07-22,0.497933,2
2023-07-23,0.493822,2
2023-07-24,0.519522,2
2023-07-25,0.526175,10
2023-07-26,0.501123,4
2023-07-27,0.529525,6
2023-07-28,0.505733,5
2023-07-29,0.484844,2
2023-07-30,0.49149,2
2023-07-31,0.508339,5
2023-08-01,0.506075,7
2023-08-02,0.533996,3
2023-08-03,0.528223,1
2023-08-04,0.494598,2
2023-08-05,0.528877,1
2023-08-06,0.491547,1
2023-08-07,0.525743,7
2023-08-08,0.514647,9
2023-08-09,0.531265,4
2023-08-10,0.556503,2
2023-08-11,0.491356,6
2023-08-12,0.515777,2
2023-08-13,0.487254,2
2023-08-14,0.480528,3
2023-08-15,0.521432,4
2023-08-16,0.516841,3
2023-08-17,0.515049,3
2023-08-18,0.536729,2
2023-08-19,0.523468,1
2023-08-20,0.528718,1
2023-08-21,0.510993,6
2023-08-22,0.538136,1
2023-08-24,0.493631,2
2023-08-25,0.507414,3
2023-08-27,0.518968,1
2023-08-28,0.506318,2
2023-08-29,0.513838,6
2023-08-30,0.523685,3
2023-08-31,0.492619,7
2023-09-01,0.496808,4
2023-09-03,0.489777,4
2023-09-04,0.517298,5
2023-09-05,0.49192,5
2023-09-06,0.500516,4
2023-09-07,0.500315,5
2023-09-08,0.522094,6
2023-09-09,0.498221,2
2023-09-11,0.521602,2
2023-09-12,0.50696,8
2023-09-13,0.500076,8
2023-09-14,0.504151,5
2023-09-15,0.514391,6
2023-09-16,0.538844,2
2023-09-17,0.514894,2
2023-09-18,0.500252,6
2023-09-19,0.516349,7
2023-09-20,0.502939,4
2023-09-21,0.459836,3
2023-09-22,0.514778,5
2023-09-23,0.448523,1
2023-09-24,0.471751,2
2023-09-25,0.489606,1
2023-09-26,0.499834,6
2023-09-27,0.522922,3
2023-09-28,0.520212,5
2023-09-29,0.451346,1
2023-10-02,0.53283,5
2023-10-03,0.51727,7
2023-10-04,0.49613,5
2023-10-05,0.505308,5
2023-10-06,0.538382,4
2023-10-07,0.500467,1
2023-10-08,0.466043,1
2023-10-09,0.52603,1
2023-10-11,0.52074,4
2023-10-12,0.47019,5
2023-10-13,0.50559,7
2023-10-14,0.504725,6
2023-10-15,0.518442,2
2023-10-16,0.49833,4
2023-10-17,0.511503,5
2023-10-18,0.481426,3
2023-10-19,0.514196,15
2023-10-20,0.498966,9
2023-10-21,0.4955,3
2023-10-22,0.529909,2
2023-10-23,0.504398,3
2023-10-24,0.493997,5
2023-10-25,0.500545,5
2023-10-26,0.492891,4
2023-10-27,0.527675,8
2023-10-28,0.533541,2
2023-10-29,0.524109,2
2023-10-30,0.507594,2
2023-10-31,0.510224,3
2023-11-01,0.503207,5
2023-11-02,0.525928,5
2023-11-03,0.528703,4
2023-11-06,0.523899,5
2023-11-07,0.528753,6
2023-11-08,0.526513,5
2023-11-09,0.515846,7
2023-11-10,0.537145,3
2023-11-11,0.536223,1
2023-11-12,0.499831,2
2023-11-13,0.516981,6
2023-11-14,0.496983,6
2023-11-15,0.520157,10
2023-11-16,0.526722,7
2023-11-17,0.525475,4
2023-11-18,0.522065,2
2023-11-19,0.520169,2
2023-11-20,0.505168,2
2023-11-21,0.525274,9
2023-11-22,0.526513,3
2023-11-23,0.488384,4
2023-11-24,0.493849,3
2023-11-25,0.521588,1
2023-11-26,0.516444,1
2023-11-27,0.502788,3
2023-11-28,0.51173,4
2023-11-29,0.537231,4
2023-11-30,0.523243,4
2023-12-01,0.524569,6
2023-12-02,0.494177,1
2023-12-03,0.54677,2
2023-12-04,0.516959,6
2023-12-05,0.516392,3
2023-12-06,0.515264,5
2023-12-07,0.513889,6
2023-12-08,0.512546,8
2023-12-09,0.518123,2
2023-12-11,0.511774,7
2023-12-12,0.52039,6
2023-12-13,0.531731,7
2023-12-14,0.517932,9
2023-12-15,0.527465,10
2023-12-16,0.546703,3
2023-12-18,0.508788,8
2023-12-19,0.504293,8
2023-12-20,0.517872,8
2023-12-21,0.517682,3
2023-12-22,0.531541,5
2023-12-23,0.488255,1
2023-12-25,0.536936,3
2023-12-26,0.521026,8
2023-12-27,0.526103,10
2023-12-28,0.516984,9
2023-12-29,0.520136,8
2023-12-30,0.512744,2
2023-12-31,0.520655,3
2024-01-01,0.542185,2
2024-01-02,0.527187,8
2024-01-03,0.479337,9
2024-01-04,0.500089,8
2024-01-05,0.492007,6
2024-01-06,0.556493,2
2024-01-07,0.52353,2
2024-01-08,0.509592,5
2024-01-09,0.506206,5
2024-01-10,0.501728,8
2024-01-11,0.506708,6
2024-01-12,0.48158,4
2024-01-15,0.520175,8
2024-01-16,0.484793,6
2024-01-17,0.502434,8
2024-01-18,0.514545,16
2024-01-19,0.529388,10
2024-01-20,0.518461,4
2024-01-21,0.53042,2
2024-01-22,0.525595,12
2024-01-23,0.525784,6
2024-01-24,0.522115,10
2024-01-25,0.517759,11
2024-01-26,0.485946,5
2024-01-27,0.492996,2
2024-01-28,0.520039,1
2024-01-29,0.526696,12
2024-01-30,0.528147,11
2024-01-31,0.496582,6
2024-02-01,0.51488,8
2024-02-02,0.524117,3
2024-02-04,0.528333,2
2024-02-05,0.523061,4
2024-02-06,0.5351,4
2024-02-07,0.474895,1
2024-02-08,0.527118,1
2024-02-09,0.537869,1
2024-02-12,0.522811,1
2024-02-14,0.508571,3
2024-02-15,0.533579,10
2024-02-16,0.50764,10
2024-02-17,0.527997,3
2024-02-18,0.51714,2
2024-02-19,0.509847,5
2024-02-20,0.525858,2
2024-02-21,0.5087,3
2024-02-22,0.531525,6
2024-02-23,0.518263,9
2024-02-24,0.516175,9
2024-02-25,0.491623,1
2024-02-26,0.52229,6
2024-02-27,0.509297,3
2024-02-28,0.494419,1
2024-02-29,0.505148,6
2024-03-01,0.518189,9
2024-03-02,0.518687,3
2024-03-03,0.519899,2
2024-03-04,0.528805,11
2024-03-05,0.523718,11
2024-03-06,0.520665,7
2024-03-07,0.528959,7
2024-03-08,0.496902,11
2024-03-09,0.532855,4
2024-03-10,0.498528,3
2024-03-11,0.493579,11
2024-03-12,0.524208,9
2024-03-13,0.520644,8
2024-03-14,0.534353,4
2024-03-15,0.487331,6
2024-03-16,0.537995,1
2024-03-17,0.505439,2
2024-03-18,0.518697,10
2024-03-19,0.514487,7
2024-03-20,0.528616,3
2024-03-21,0.532805,6
2024-03-22,0.529298,10
2024-03-23,0.547804,2
2024-03-24,0.520425,2
2024-03-25,0.512566,5
2024-03-26,0.507837,5
2024-03-27,0.52284,5
2024-03-28,0.527013,9
2024-03-29,0.513795,3
2024-04-01,0.512947,4
2024-04-02,0.531535,10
2024-04-03,0.494316,12
2024-04-04,0.495633,7
2024-04-05,0.518003,2
2024-04-06,0.553196,2
2024-04-08,0.525653,8
2024-04-09,0.536169,11
2024-04-10,0.529739,7
2024-04-11,0.517057,7
2024-04-12,0.508034,8
2024-04-13,0.512204,4
2024-04-14,0.504892,2
2024-04-15,0.475597,5
2024-04-16,0.5041,7
2024-04-17,0.51029,4
2024-04-18,0.508089,13
2024-04-19,0.480605,13
2024-04-20,0.467565,3
2024-04-21,0.504784,2
2024-04-22,0.496448,8
2024-04-23,0.492487,4
2024-04-24,0.527851,4
2024-04-25,0.503509,11
2024-04-26,0.538582,3
2024-04-27,0.489159,1
2024-04-28,0.513288,2
2024-04-29,0.558815,2
2024-04-30,0.520302,6
2024-05-02,0.497004,4
2024-05-03,0.525382,5
2024-05-04,0.498938,1
2024-05-05,0.515227,2
2024-05-06,0.528177,7
2024-05-07,0.529433,11
2024-05-08,0.537944,6
2024-05-09,0.505012,3
2024-05-10,0.535309,9
2024-05-11,0.513838,3
2024-05-12,0.504613,1
2024-05-13,0.53442,6
2024-05-14,0.522589,6
2024-05-15,0.528406,9
2024-05-16,0.533068,5
2024-05-17,0.520972,6
2024-05-19,0.524576,3
2024-05-20,0.52346,5
2024-05-21,0.515936,4
2024-05-22,0.532331,9
2024-05-23,0.530246,6
2024-05-24,0.522255,7
2024-05-25,0.527981,2
2024-05-27,0.524534,4
2024-05-28,0.528043,5
2024-05-29,0.508675,6
2024-05-30,0.516959,11
2024-05-31,0.503705,8
2024-06-01,0.484493,1
2024-06-02,0.525426,3
2024-06-03,0.527938,10
2024-06-04,0.514714,14
2024-06-05,0.511601,14
2024-06-06,0.530485,10
2024-06-07,0.515265,9
2024-06-08,0.518963,1
2024-06-10,0.525729,2
2024-06-11,0.520765,7
2024-06-12,0.511082,12
2024-06-13,0.513931,6
2024-06-14,0.526812,6
2024-06-15,0.505211,3
2024-06-16,0.514779,2
2024-06-17,0.521427,7
2024-06-18,0.538318,9
2024-06-19,0.522501,11
2024-06-20,0.529211,7
2024-06-21,0.509119,8
2024-06-22,0.464979,1
2024-06-23,0.506607,1
2024-06-24,0.50274,10
2024-06-25,0.51754,7
2024-06-26,0.534084,6
2024-06-27,0.521191,8
2024-06-28,0.526912,7
2024-06-30,0.528622,3
2024-07-01,0.528862,10
2024-07-02,0.512906,7
2024-07-03,0.530519,9
2024-07-04,0.536364,8
2024-07-05,0.524806,8
2024-07-06,0.487969,1
2024-07-07,0.507818,2
2024-07-08,0.527997,7
2024-07-09,0.517819,6
2024-07-10,0.509989,11
2024-07-11,0.529852,8
2024-07-12,0.495501,9
2024-07-13,0.527678,2
2024-07-14,0.522017,3
2024-07-15,0.518004,7
2024-07-16,0.52911,7
2024-07-17,0.502233,8
2024-07-18,0.505155,16
2024-07-19,0.506968,11
2024-07-20,0.523842,3
2024-07-21,0.515889,3
2024-07-22,0.50454,8
2024-07-23,0.514853,8
2024-07-25,0.534483,1
2024-07-26,0.475259,6
2024-07-27,0.518687,2
2024-07-28,0.500458,2
2024-07-29,0.49718,9
2024-07-30,0.49699,8
2024-07-31,0.505635,7
2024-08-01,0.524371,11
2024-08-02,0.473241,11
2024-08-03,0.531778,1
2024-08-04,0.494581,2
2024-08-05,0.474399,9
2024-08-06,0.495198,8
2024-08-07,0.519931,7
2024-08-08,0.502269,7
2024-08-09,0.530921,11
2024-08-10,0.520848,2
2024-08-11,0.504751,2
2024-08-12,0.517972,6
2024-08-13,0.511969,9
2024-08-14,0.523769,7
2024-08-15,0.505756,8
2024-08-16,0.525645,11
2024-08-17,0.54213,2
2024-08-18,0.515728,2
2024-08-19,0.529901,10
2024-08-20,0.515928,7
2024-08-21,0.515614,4
2024-08-22,0.488631,7
2024-08-23,0.506992,6
2024-08-24,0.5352,2
2024-08-25,0.50139,4
2024-08-26,0.528057,6
2024-08-27,0.509293,3
2024-08-28,0.520837,9
2024-08-29,0.497772,6
2024-08-30,0.518415,4
2024-08-31,0.557272,1
2024-09-01,0.521964,2
2024-09-02,0.521223,8
2024-09-03,0.514417,13
2024-09-04,0.511177,8
2024-09-05,0.510517,8
2024-09-06,0.509672,9
2024-09-08,0.508825,4
2024-09-09,0.503367,8
2024-09-10,0.517109,8
2024-09-11,0.50426,5
2024-09-12,0.515859,9
2024-09-13,0.534258,6
2024-09-14,0.516462,1
2024-09-15,0.51508,2
2024-09-16,0.538489,5
2024-09-17,0.518273,1
2024-09-18,0.499746,7
2024-09-19,0.518878,4
2024-09-20,0.510024,8
2024-09-21,0.513657,1
2024-09-22,0.505192,2
2024-09-23,0.519001,3
2024-09-24,0.517646,7
2024-09-25,0.5398,9
2024-09-26,0.531222,8
2024-09-27,0.51423,5
2024-09-28,0.577608,2
2024-09-29,0.517051,1
2024-09-30,0.513593,10
2024-10-01,0.530432,7
2024-10-04,0.528666,5
2024-10-05,0.533855,3
2024-10-07,0.531628,8
2024-10-08,0.524918,4
2024-10-09,0.522472,9
2024-10-11,0.518211,8
2024-10-12,0.536195,2
2024-10-13,0.530227,2
2024-10-14,0.5129,11
2024-10-15,0.521213,9
2024-10-16,0.506392,7
2024-10-17,0.525634,17
2024-10-18,0.520603,11
2024-10-19,0.53815,3
2024-10-20,0.522877,3
2024-10-21,0.523643,8
2024-10-22,0.515821,9
2024-10-23,0.512395,7
2024-10-24,0.520269,5
2024-10-25,0.512466,7
2024-10-26,0.532179,3
2024-10-27,0.528195,1
2024-10-28,0.50599,9
2024-10-29,0.496924,8
2024-10-30,0.512869,6
2024-10-31,0.494345,1
2024-11-01,0.494171,5
2024-11-02,0.541548,2
2024-11-03,0.539559,1
2024-11-04,0.520019,6
2024-11-05,0.520607,6
2024-11-06,0.510399,9
2024-11-07,0.52259,6
2024-11-08,0.514083,9
2024-11-09,0.516701,3
2024-11-10,0.526206,1
2024-11-11,0.496306,8
2024-11-12,0.504483,8
2024-11-13,0.506699,11
2024-11-14,0.511826,9
2024-11-15,0.508065,13
2024-11-16,0.530225,1
2024-11-17,0.523369,3
2024-11-18,0.502065,5
2024-11-19,0.530098,6
2024-11-20,0.525058,4
2024-11-21,0.534026,5
2024-11-22,0.537931,6
2024-11-23,0.533559,1
2024-11-24,0.455,1
2024-11-25,0.525303,10
2024-11-26,0.505573,9
2024-11-27,0.50901,6
2024-11-28,0.503225,7
2024-11-29,0.497254,8
2024-11-30,0.478373,1
2024-12-01,0.540606,1
2024-12-02,0.534032,8
2024-12-03,0.54441,5
2024-12-04,0.522432,4
2024-12-05,0.526471,4
2024-12-06,0.503985,7
2024-12-07,0.497646,1
2024-12-08,0.516989,2
2024-12-09,0.515322,8
2024-12-10,0.521352,4
2024-12-11,0.501968,6
2024-12-12,0.524259,5
2024-12-13,0.512539,4
2024-12-14,0.516768,2
2024-12-15,0.538846,3
2024-12-16,0.509963,10
2024-12-17,0.519443,9
2024-12-18,0.529585,7
2024-12-19,0.494376,8
2024-12-20,0.482709,5
2024-12-22,0.498541,3
2024-12-23,0.519709,6
2024-12-24,0.493889,1
2024-12-25,0.535329,4
2024-12-26,0.520091,4
2024-12-27,0.525592,8
2024-12-28,0.497398,2
2024-12-29,0.491766,2
2024-12-30,0.494008,4
2024-12-31,0.516066,13
2025-01-01,0.524109,1
2025-01-02,0.504022,9
2025-01-03,0.499702,9
2025-01-05,0.543529,2
2025-01-06,0.519296,12
2025-01-07,0.519187,10
2025-01-08,0.507237,9
2025-01-09,0.514092,4
2025-01-10,0.516854,7
2025-01-11,0.536998,2
2025-01-13,0.488207,13
2025-01-14,0.492239,11
2025-01-15,0.507367,9
2025-01-16,0.519729,18
2025-01-17,0.525634,25
2025-01-18,0.516407,3
2025-01-19,0.518325,2
2025-01-20,0.507279,4
2025-01-21,0.498962,8
2025-01-22,0.511237,9
2025-01-23,0.527953,1
2025-01-24,0.485681,1
2025-01-26,0.53164,1
2025-01-28,0.515805,1
2025-01-29,0.51405,1
2025-01-30,0.531979,1
2025-02-01,0.522129,1
2025-02-02,0.548073,3
2025-02-03,0.456085,12
2025-02-04,0.503435,3
2025-02-05,0.520867,4
2025-02-06,0.533194,6
2025-02-07,0.51437,6
2025-02-08,0.508124,2
2025-02-09,0.483246,1
2025-02-10,0.509582,8
2025-02-11,0.50834,5
2025-02-12,0.519824,7
2025-02-13,0.512123,5
2025-02-14,0.496279,7
2025-02-15,0.516623,2
2025-02-16,0.520486,3
2025-02-17,0.511408,6
2025-02-18,0.516926,7
2025-02-19,0.505859,7
2025-02-20,0.503044,7
2025-02-21,0.520069,6
2025-02-23,0.522397,5
2025-02-24,0.505486,7
2025-02-25,0.474374,5
2025-02-26,0.544851,3
2025-02-27,0.501235,2
2025-03-02,0.481318,2
2025-03-03,0.483014,7
2025-03-04,0.507595,12
2025-03-05,0.509197,9
2025-03-06,0.492052,13
2025-03-07,0.502885,9
2025-03-08,0.52611,3
2025-03-09,0.496858,1
2025-03-10,0.512334,11
2025-03-11,0.485339,7
2025-03-12,0.522441,10
2025-03-13,0.517793,4
2025-03-14,0.506396,6
2025-03-15,0.521544,3
2025-03-16,0.473896,2
2025-03-17,0.526831,10
2025-03-18,0.514522,6
2025-03-19,0.511225,7
2025-03-20,0.510517,7
2025-03-21,0.505621,6
2025-03-22,0.512468,2
2025-03-23,0.503723,1
2025-03-24,0.501601,6
2025-03-25,0.515966,9
2025-03-26,0.481909,6
2025-03-27,0.514669,5
2025-03-28,0.502258,6
2025-03-30,0.481445,1
2025-03-31,0.471399,10
2025-04-01,0.519883,6
2025-04-02,0.519763,9
2025-04-03,0.470019,3
2025-04-04,0.520921,3
2025-04-06,0.481812,2
2025-04-07,0.453805,12
2025-04-08,0.494449,6
2025-04-09,0.486764,9
2025-04-10,0.512965,8
2025-04-11,0.523872,6
2025-04-12,0.473766,1
2025-04-13,0.524727,3
2025-04-14,0.493167,6
2025-04-15,0.521633,14
2025-04-16,0.494861,7
2025-04-17,0.50622,13
2025-04-18,0.511363,10
2025-04-19,0.492253,1
2025-04-20,0.507216,6
2025-04-21,0.508911,4
2025-04-22,0.49072,5
2025-04-23,0.496209,4
2025-04-24,0.506843,10
2025-04-25,0.529708,5
2025-04-26,0.517475,1
2025-04-27,0.505425,2
2025-04-28,0.529708,6
2025-04-29,0.500546,5
2025-04-30,0.515394,7
2025-05-01,0.530757,1
2025-05-02,0.53838,7
2025-05-03,0.465714,1
2025-05-04,0.518451,2
2025-05-05,0.526819,3
2025-05-06,0.50824,5
2025-05-07,0.486825,3
2025-05-08,0.52095,3
2025-05-09,0.525798,8
2025-05-10,0.522893,1
2025-05-11,0.498122,4
2025-05-12,0.529291,5
2025-05-13,0.519668,6
2025-05-14,0.525281,5
2025-05-15,0.509466,9
2025-05-16,0.521371,6
2025-05-17,0.52359,1
2025-05-18,0.523215,3
2025-05-19,0.50605,8
2025-05-20,0.524456,6
2025-05-21,0.528735,5
2025-05-22,0.4913,6
2025-05-23,0.512322,8
2025-05-24,0.502127,1
2025-05-25,0.510458,2
2025-05-26,0.509419,3
2025-05-27,0.496961,5
2025-05-28,0.525144,2
2025-05-29,0.511776,3
2025-05-31,0.523224,2
2025-06-01,0.518236,2
2025-06-02,0.499443,8
2025-06-03,0.504502,14
2025-06-04,0.525516,10
2025-06-05,0.508125,5
2025-06-06,0.514831,6
2025-06-07,0.519668,1
2025-06-08,0.527295,2
2025-06-09,0.513149,5
2025-06-10,0.534265,9
2025-06-11,0.510352,9
2025-06-12,0.484271,9
2025-06-13,0.501738,4
2025-06-14,0.530365,4
2025-06-15,0.468668,1
2025-06-16,0.498958,5
2025-06-17,0.522443,8
2025-06-18,0.5246,5
2025-06-19,0.486033,4
2025-06-20,0.50855,13
2025-06-21,0.562313,1
2025-06-22,0.541499,2
2025-06-23,0.505221,7
2025-06-24,0.52609,5
2025-06-25,0.532646,7
2025-06-26,0.521608,8
2025-06-27,0.523535,6
2025-06-29,0.500572,2
2025-06-30,0.488188,6
2025-07-01,0.531308,8
2025-07-02,0.500003,10
2025-07-03,0.523975,4
2025-07-04,0.50426,7
2025-07-05,0.482926,1
2025-07-06,0.505935,2
2025-07-07,0.516542,4
2025-07-08,0.510818,7
2025-07-09,0.510102,3
2025-07-10,0.522286,7
2025-07-11,0.516724,7
2025-07-12,0.517176,2
2025-07-13,0.512121,2
2025-07-14,0.501247,6
2025-07-15,0.516107,5
2025-07-16,0.497168,6
2025-07-17,0.514628,15
2025-07-18,0.519796,9
2025-07-19,0.481164,1
2025-07-20,0.526538,4
2025-07-21,0.507284,8
2025-07-22,0.529189,4
2025-07-23,0.527525,4
2025-07-24,0.515314,6
2025-07-25,0.510467,4
2025-07-26,0.543251,2
2025-07-27,0.519444,2
2025-07-28,0.511211,5
2025-07-29,0.511932,7
2025-07-30,0.522626,11
2025-07-31,0.519342,12
2025-08-01,0.499761,7
2025-08-02,0.548362,1
2025-08-03,0.508742,1
2025-08-04,0.526386,7
2025-08-05,0.522937,5
2025-08-06,0.482817,3
2025-08-07,0.508321,15
2025-08-08,0.522862,9
2025-08-09,0.51584,2
2025-08-10,0.507821,2
2025-08-11,0.528999,5
2025-08-12,0.512203,4
2025-08-13,0.525969,7
2025-08-14,0.499278,8
2025-08-15,0.520373,5
2025-08-16,0.50673,2
2025-08-17,0.518089,1
2025-08-18,0.526507,7
2025-08-19,0.506246,2
2025-08-20,0.477286,9
2025-08-21,0.521011,8
2025-08-22,0.497203,8
2025-08-23,0.49739,2
2025-08-24,0.51438,2
2025-08-25,0.516735,10
2025-08-26,0.513941,5
2025-08-27,0.522756,8
2025-08-28,0.516334,5
2025-08-29,0.508413,6
2025-08-30,0.530653,1
2025-08-31,0.532888,2
2025-09-01,0.494936,4
2025-09-02,0.497743,8
2025-09-03,0.503823,6
2025-09-04,0.506682,4
2025-09-05,0.542639,2
2025-09-07,0.507662,2
2025-09-08,0.515023,7
2025-09-09,0.522192,10
2025-09-10,0.533707,7
2025-09-11,0.521937,10
2025-09-12,0.522692,10
2025-09-13,0.543329,3
2025-09-14,0.539708,1
2025-09-15,0.498825,5
2025-09-16,0.527778,12
2025-09-17,0.495211,8
2025-09-18,0.50934,4
2025-09-19,0.512863,7
2025-09-20,0.473914,1
2025-09-22,0.528387,8
2025-09-23,0.526368,9
2025-09-24,0.512555,5
2025-09-25,0.510469,9
2025-09-26,0.498429,6
2025-09-27,0.50602,1
2025-09-28,0.514784,1
2025-09-29,0.50197,2
2025-09-30,0.500993,6
2025-10-01,0.516865,9
2025-10-02,0.540605,7
2025-10-03,0.529846,5
2025-10-05,0.517752,2
2025-10-06,0.510537,2
2025-10-07,0.519449,7
2025-10-08,0.504449,6
2025-10-09,0.52883,10
2025-10-10,0.492593,2
2025-10-11,0.502229,2
2025-10-12,0.459246,2
2025-10-13,0.477926,6
2025-10-14,0.508759,7
2025-10-15,0.524027,7
2025-10-16,0.518843,18
2025-10-17,0.509573,7
2025-10-18,0.526052,3
2025-10-19,0.494427,2
2025-10-20,0.530042,9
2025-10-21,0.520449,9
2025-10-22,0.513528,7
2025-10-23,0.488731,9
2025-10-25,0.523407,2
2025-10-27,0.51286,3
2025-10-28,0.536203,3
2025-10-29,0.53284,3
2025-10-30,0.505235,5
2025-10-31,0.490572,4
2025-11-01,0.524389,1
2025-11-03,0.517399,3
2025-11-04,0.519293,4
2025-11-05,0.477689,3
2025-11-06,0.491107,5
2025-11-07,0.476026,5
2025-11-08,0.519138,4
2025-11-09,0.456306,1
2025-11-10,0.510034,5
2025-11-11,0.506882,6
2025-11-12,0.487183,5
2025-11-13,0.519052,2
2025-11-14,0.494852,4
2025-11-15,0.520881,2
2025-11-17,0.516605,8
2025-11-18,0.510712,10
2025-11-19,0.480161,10
2025-11-20,0.516511,10
2025-11-21,0.480426,6
2025-11-22,0.484883,1
2025-11-23,0.473981,2
2025-11-24,0.509442,5
2025-11-25,0.512421,11
2025-11-26,0.514217,10
2025-11-27,0.495631,3
2025-11-28,0.505208,4
2025-11-29,0.51607,3
2025-11-30,0.497936,2
2025-12-01,0.486747,6
2025-12-02,0.52767,5
2025-12-03,0.516995,9
2025-12-04,0.510748,4
2025-12-05,0.514799,4
2025-12-06,0.518481,1
2025-12-07,0.524372,3
2025-12-08,0.530035,6
2025-12-10,0.514695,8
2025-12-11,0.498269,6
2025-12-12,0.522974,4
2025-12-13,0.481989,1
2025-12-14,0.503413,2
2025-12-15,0.471885,2
2025-12-16,0.467367,4
2025-12-17,0.524385,3
2025-12-18,0.488905,7
2025-12-19,0.499446,3
2025-12-20,0.54557,1
2025-12-21,0.510763,1
2025-12-22,0.533365,4
2025-12-23,0.531777,6
2025-12-24,0.518041,7
2025-12-26,0.541794,4
2025-12-27,0.551564,2
2025-12-28,0.473845,3
2025-12-29,0.505357,10
2025-12-30,0.509099,11
2025-12-31,0.521994,13
2026-01-01,0.504595,4
2026-01-02,0.523142,11
2026-01-03,0.500537,2
2026-01-04,0.527873,3
2026-01-05,0.515027,17
2026-01-06,0.516634,14
2026-01-07,0.5217,17
2026-01-08,0.493046,8
2026-01-09,0.513278,8
2026-01-10,0.525493,3
2026-01-11,0.521274,2
2026-01-12,0.523435,10
2026-01-13,0.517459,13
2026-01-14,0.523879,15
2026-01-15,0.520952,31
2026-01-16,0.522706,38
2026-01-17,0.50393,4
2026-01-18,0.515721,1
2026-01-19,0.509148,8
2026-01-20,0.517826,15
2026-01-21,0.502644,16
2026-01-22,0.515773,8
2026-01-23,0.517817,11
2026-01-25,0.519859,2
2026-01-26,0.527943,9
2026-01-27,0.525051,11
2026-01-28,0.522545,13
2026-01-29,0.507925,15
2026-01-30,0.487035,13
2026-01-31,0.533079,2
2026-02-02,0.505349,10
2026-02-03,0.523339,10
2026-02-04,0.523024,8
2026-02-05,0.494888,6
2026-02-06,0.518355,5
2026-02-07,0.529622,1
2026-02-08,0.547545,1
2026-02-09,0.51517,5
2026-02-10,0.522402,12
2026-02-11,0.521744,18
2026-02-12,0.53812,2
2026-02-13,0.505595,1
2026-02-14,0.540999,2
2026-02-15,0.482313,1
2026-02-17,0.546163,1
2026-02-18,0.535351,1
2026-02-21,0.498324,1
2026-02-22,0.539117,2
2026-02-23,0.539528,4
2026-02-24,0.535979,6
2026-02-25,0.542906,6
2026-02-26,0.51798,8
2026-02-28,0.526465,1
2026-03-02,0.528017,5
2026-03-03,0.460191,4
2026-03-04,0.493705,7
2026-03-05,0.498572,7
2026-03-06,0.509973,3
2026-03-07,0.528383,2
2026-03-08,0.546693,1
2026-03-09,0.443672,8
2026-03-10,0.529827,6
2026-03-11,0.526274,9
2026-03-12,0.488777,5
2026-03-13,0.500526,7
2026-03-14,0.532928,1
2026-03-15,0.500974,2
2026-03-16,0.506404,6
2026-03-17,0.521801,5
2026-03-18,0.53955,4
2026-03-19,0.49855,5
2026-03-21,0.488202,2
2026-03-22,0.493014,2
2026-03-23,0.486916,4
2026-03-24,0.470864,1
2026-03-25,0.517937,5
2026-03-26,0.547048,4
2026-03-27,0.497793,2
2026-03-29,0.47602,2
2026-03-30,0.500051,6
2026-03-31,0.488679,7
2026-04-01,0.50707,3
2026-04-02,0.48466,4
2026-04-04,0.509014,1
2026-04-06,0.525796,1
2026-04-07,0.522795,4
2026-04-08,0.52529,7
2026-04-09,0.520473,5
2026-04-10,0.552807,5
2026-04-12,0.528458,2
2026-04-13,0.508403,5
2026-04-14,0.527582,6
2026-04-15,0.526217,7
2026-04-16,0.519962,18
2026-04-17,0.521545,8
2026-04-18,0.540347,2
2026-04-19,0.486959,1
2026-04-20,0.518608,19
2026-04-21,0.512795,8
2026-04-22,0.527578,7
2026-04-23,0.50026,12
2026-04-24,0.531095,9
2026-04-25,0.535619,3
2026-04-26,0.523218,1
