Date,PTT_Raw_Score,PTT_Volume
2008-02-25,0.46997,1
2008-04-18,0.523052,1
2012-11-27,0.513062,1
2015-04-24,0.518642,1
2019-03-06,0.506593,1
2019-03-08,0.458832,1
2019-03-09,0.530404,1
2019-03-11,0.44082,1
2019-03-18,0.523135,2
2019-03-20,0.512342,1
2019-03-21,0.498502,1
2019-03-22,0.46954,1
2019-03-27,0.490436,1
2019-03-29,0.511818,1
2019-03-30,0.535223,1
2019-04-02,0.523552,1
2019-04-04,0.514751,1
2019-04-09,0.479394,1
2019-04-10,0.493613,3
2019-04-11,0.512342,1
2019-04-16,0.511953,1
2019-04-17,0.511771,1
2019-04-18,0.484449,7
2019-04-19,0.542223,1
2019-04-24,0.489429,2
2019-04-26,0.506593,1
2019-04-30,0.481908,5
2019-05-01,0.481813,3
2019-05-03,0.481813,1
2019-05-04,0.487057,1
2019-05-09,0.51938,3
2019-05-10,0.504341,1
2019-05-11,0.490429,2
2019-05-13,0.487075,2
2019-05-14,0.512724,1
2019-05-15,0.526693,2
2019-05-16,0.506785,2
2019-05-17,0.488463,2
2019-05-19,0.485073,1
2019-05-20,0.512716,2
2019-05-21,0.485677,4
2019-05-23,0.482991,9
2019-05-24,0.497482,8
2019-05-26,0.476538,8
2019-05-27,0.476583,13
2019-05-28,0.501017,2
2019-05-29,0.513877,1
2019-05-30,0.46639,5
2019-05-31,0.536369,1
2019-06-02,0.495668,1
2019-06-03,0.4922,4
2019-06-04,0.501829,1
2019-06-05,0.510144,4
2019-06-06,0.516796,7
2019-06-07,0.541817,1
2019-06-10,0.540121,1
2019-06-11,0.46691,1
2019-06-12,0.528813,1
2019-06-13,0.502133,1
2019-06-14,0.492177,2
2019-06-15,0.500901,1
2019-06-16,0.500901,1
2019-06-17,0.515864,2
2019-06-18,0.478486,3
2019-06-20,0.512685,1
2019-06-21,0.503773,1
2019-06-23,0.520538,1
2019-06-24,0.511385,5
2019-06-26,0.505944,5
2019-06-29,0.54214,1
2019-07-01,0.504565,1
2019-07-02,0.516142,1
2019-07-03,0.510385,5
2019-07-04,0.521185,4
2019-07-05,0.515399,1
2019-07-07,0.511748,1
2019-07-08,0.498736,3
2019-07-09,0.502194,2
2019-07-10,0.526735,3
2019-07-11,0.515927,2
2019-07-12,0.547412,2
2019-07-13,0.512733,1
2019-07-15,0.460341,1
2019-07-17,0.510177,2
2019-07-18,0.518609,2
2019-07-19,0.493638,2
2019-07-21,0.518051,1
2019-07-22,0.508057,2
2019-07-26,0.539484,1
2019-07-31,0.510735,1
2019-08-01,0.502485,4
2019-08-02,0.502485,1
2019-08-06,0.497008,1
2019-08-12,0.486836,2
2019-08-13,0.484485,1
2019-08-17,0.514846,2
2019-08-18,0.517053,3
2019-08-19,0.511746,1
2019-08-25,0.495141,1
2019-08-26,0.494082,1
2019-08-27,0.492353,2
2019-08-28,0.493894,1
2019-08-29,0.498817,2
2019-08-30,0.528495,6
2019-09-03,0.447272,1
2019-09-04,0.450153,1
2019-09-05,0.511204,2
2019-09-10,0.53949,2
2019-09-14,0.535484,1
2019-09-18,0.54293,1
2019-09-19,0.48229,2
2019-09-21,0.509332,1
2019-09-24,0.50872,1
2019-09-25,0.511502,1
2019-09-27,0.521668,3
2019-09-28,0.497634,1
2019-09-29,0.498542,1
2019-09-30,0.498542,1
2019-10-01,0.508931,5
2019-10-07,0.501116,3
2019-10-08,0.5248,5
2019-10-09,0.550161,2
2019-10-10,0.489411,1
2019-10-11,0.524791,6
2019-10-12,0.525049,3
2019-10-14,0.511715,1
2019-10-15,0.520293,4
2019-10-17,0.532543,5
2019-10-18,0.515532,2
2019-10-19,0.520939,1
2019-10-21,0.505923,1
2019-10-22,0.500749,1
2019-10-23,0.497808,5
2019-10-28,0.536928,6
2019-10-29,0.515795,5
2019-10-30,0.54887,3
2019-10-31,0.511473,7
2019-11-01,0.516165,1
2019-11-02,0.539378,1
2019-11-03,0.526566,5
2019-11-04,0.520816,11
2019-11-05,0.51533,3
2019-11-06,0.476476,2
2019-11-07,0.511824,1
2019-11-08,0.528313,1
2019-11-09,0.506243,2
2019-11-11,0.509586,3
2019-11-12,0.483873,1
2019-11-14,0.53149,2
2019-11-15,0.533777,3
2019-11-17,0.500469,1
2019-11-18,0.513782,1
2019-11-19,0.513363,2
2019-11-20,0.543056,1
2019-11-21,0.516143,1
2019-11-22,0.467378,1
2019-11-23,0.489529,2
2019-11-24,0.489529,2
2019-11-25,0.528139,2
2019-11-26,0.498058,1
2019-11-28,0.520573,2
2019-11-29,0.520573,2
2019-11-30,0.535564,1
2019-12-05,0.51004,2
2019-12-06,0.525442,2
2019-12-07,0.461937,2
2019-12-09,0.532216,1
2019-12-10,0.5436,1
2019-12-11,0.529594,9
2019-12-12,0.528886,7
2019-12-13,0.524167,8
2019-12-14,0.545095,4
2019-12-15,0.518961,6
2019-12-16,0.515934,4
2019-12-17,0.515419,12
2019-12-18,0.470311,2
2019-12-19,0.491524,6
2019-12-20,0.512199,7
2019-12-21,0.533717,1
2019-12-23,0.477245,1
2019-12-24,0.526902,2
2019-12-28,0.488158,2
2019-12-29,0.488831,2
2019-12-30,0.508377,2
2019-12-31,0.571716,1
2020-01-01,0.518049,1
2020-01-02,0.502641,3
2020-01-03,0.431944,2
2020-01-07,0.528499,3
2020-01-08,0.488158,2
2020-01-10,0.529769,2
2020-01-11,0.531138,1
2020-01-13,0.530458,1
2020-01-14,0.523525,3
2020-01-15,0.51958,3
2020-01-16,0.487062,2
2020-01-17,0.502195,2
2020-01-18,0.505018,1
2020-01-19,0.55372,1
2020-01-20,0.523909,4
2020-01-28,0.478164,1
2020-01-31,0.507371,3
2020-02-01,0.509457,4
2020-02-02,0.508563,3
2020-02-03,0.479286,3
2020-02-05,0.495511,2
2020-02-06,0.494084,3
2020-02-07,0.511099,1
2020-02-10,0.544883,1
2020-02-12,0.521765,3
2020-02-14,0.533428,1
2020-02-17,0.493529,1
2020-02-18,0.511612,5
2020-02-19,0.500115,9
2020-02-20,0.499549,2
2020-02-21,0.515187,2
2020-02-22,0.508075,1
2020-02-24,0.506062,5
2020-02-25,0.508075,1
2020-02-26,0.502468,1
2020-02-27,0.476751,6
2020-02-28,0.486871,5
2020-02-29,0.485019,5
2020-03-01,0.508075,2
2020-03-02,0.501947,1
2020-03-03,0.489463,1
2020-03-04,0.497802,4
2020-03-05,0.50817,4
2020-03-06,0.494448,2
2020-03-07,0.497293,5
2020-03-09,0.500472,6
2020-03-10,0.50059,5
2020-03-11,0.479308,9
2020-03-12,0.490943,5
2020-03-13,0.48329,9
2020-03-15,0.523873,3
2020-03-16,0.499551,6
2020-03-17,0.476136,6
2020-03-18,0.496332,27
2020-03-19,0.504092,20
2020-03-20,0.493273,4
2020-03-21,0.495252,4
2020-03-22,0.509465,3
2020-03-23,0.510309,3
2020-03-24,0.507057,3
2020-03-25,0.555336,2
2020-03-26,0.52038,2
2020-03-27,0.494857,14
2020-03-28,0.51192,4
2020-03-29,0.530369,2
2020-03-30,0.507011,4
2020-03-31,0.511771,2
2020-04-03,0.466787,1
2020-04-04,0.507019,1
2020-04-06,0.514348,2
2020-04-07,0.510664,2
2020-04-10,0.540729,3
2020-04-13,0.538682,1
2020-04-15,0.495313,5
2020-04-16,0.496511,9
2020-04-17,0.503427,8
2020-04-18,0.492271,3
2020-04-19,0.509312,2
2020-04-20,0.475725,1
2020-04-21,0.552006,1
2020-04-23,0.526855,1
2020-04-24,0.534738,1
2020-04-27,0.526777,1
2020-04-28,0.490595,3
2020-04-29,0.469387,1
2020-05-01,0.526798,3
2020-05-03,0.569649,1
2020-05-04,0.517784,1
2020-05-05,0.510927,2
2020-05-08,0.530576,4
2020-05-10,0.510736,2
2020-05-11,0.524383,2
2020-05-12,0.533932,2
2020-05-13,0.52727,2
2020-05-14,0.505615,4
2020-05-15,0.52862,13
2020-05-16,0.503541,11
2020-05-17,0.499773,11
2020-05-18,0.504969,13
2020-05-19,0.493717,10
2020-05-20,0.489304,5
2020-05-21,0.522979,2
2020-05-23,0.488111,1
2020-05-24,0.515768,3
2020-05-25,0.510153,2
2020-05-26,0.512244,2
2020-05-27,0.491318,1
2020-05-29,0.536338,1
2020-06-01,0.501446,5
2020-06-02,0.521989,2
2020-06-03,0.528862,1
2020-06-04,0.492118,3
2020-06-05,0.515687,6
2020-06-06,0.484288,1
2020-06-07,0.449071,1
2020-06-08,0.503085,3
2020-06-09,0.487248,4
2020-06-10,0.516303,6
2020-06-11,0.497894,3
2020-06-12,0.518561,1
2020-06-15,0.503673,4
2020-06-16,0.525883,2
2020-06-17,0.515744,1
2020-06-18,0.522719,2
2020-06-20,0.523877,1
2020-06-22,0.464769,1
2020-06-23,0.46363,1
2020-06-24,0.490548,1
2020-06-27,0.532885,1
2020-06-29,0.530825,2
2020-06-30,0.513326,3
2020-07-01,0.496916,2
2020-07-02,0.510141,2
2020-07-03,0.515232,5
2020-07-04,0.498579,1
2020-07-05,0.51801,1
2020-07-06,0.531455,3
2020-07-08,0.548739,2
2020-07-09,0.533123,1
2020-07-10,0.512744,7
2020-07-11,0.527064,1
2020-07-12,0.514244,2
2020-07-13,0.520497,4
2020-07-14,0.503703,9
2020-07-15,0.504131,4
2020-07-16,0.535107,11
2020-07-17,0.515037,4
2020-07-18,0.517443,6
2020-07-19,0.529474,1
2020-07-20,0.512763,4
2020-07-21,0.510695,13
2020-07-22,0.495239,8
2020-07-23,0.491047,7
2020-07-24,0.506826,13
2020-07-25,0.505852,13
2020-07-26,0.511144,6
2020-07-27,0.505575,35
2020-07-28,0.50184,29
2020-07-29,0.515244,17
2020-07-30,0.501533,6
2020-07-31,0.509938,2
2020-08-01,0.50243,1
2020-08-02,0.529659,6
2020-08-03,0.518819,3
2020-08-04,0.486336,2
2020-08-05,0.519934,4
2020-08-06,0.499086,5
2020-08-07,0.519204,2
2020-08-08,0.48711,6
2020-08-10,0.508397,7
2020-08-11,0.513479,2
2020-08-12,0.519855,2
2020-08-13,0.52156,4
2020-08-14,0.505497,2
2020-08-15,0.50277,1
2020-08-17,0.520677,3
2020-08-18,0.522359,1
2020-08-19,0.529031,1
2020-08-20,0.53702,1
2020-08-21,0.539343,2
2020-08-22,0.50202,1
2020-08-24,0.507852,3
2020-08-25,0.510974,5
2020-08-26,0.508263,2
2020-08-27,0.512342,1
2020-08-28,0.457586,4
2020-08-31,0.487371,2
2020-09-01,0.521568,1
2020-09-02,0.493408,1
2020-09-04,0.503055,4
2020-09-05,0.52532,2
2020-09-06,0.530584,1
2020-09-07,0.518991,1
2020-09-08,0.516135,2
2020-09-09,0.500533,3
2020-09-10,0.525916,3
2020-09-11,0.508476,3
2020-09-12,0.474455,2
2020-09-14,0.523211,1
2020-09-15,0.497713,3
2020-09-16,0.514879,10
2020-09-17,0.500882,4
2020-09-18,0.527928,1
2020-09-21,0.515741,1
2020-09-22,0.502889,2
2020-09-25,0.480848,2
2020-09-27,0.49324,1
2020-09-28,0.510213,1
2020-09-30,0.523351,1
2020-10-02,0.487703,1
2020-10-03,0.459201,1
2020-10-05,0.516556,2
2020-10-06,0.505818,2
2020-10-07,0.512343,2
2020-10-08,0.533605,2
2020-10-09,0.507323,2
2020-10-10,0.492631,1
2020-10-11,0.52165,2
2020-10-12,0.513886,2
2020-10-13,0.503074,2
2020-10-14,0.526723,1
2020-10-15,0.53401,6
2020-10-16,0.495985,2
2020-10-17,0.524892,1
2020-10-19,0.488732,1
2020-10-21,0.479214,2
2020-10-23,0.505981,4
2020-10-24,0.540337,2
2020-10-26,0.52619,2
2020-10-27,0.526182,4
2020-10-28,0.505239,5
2020-10-30,0.510715,3
2020-11-02,0.477072,3
2020-11-04,0.536552,1
2020-11-06,0.490281,1
2020-11-09,0.522216,3
2020-11-10,0.48054,5
2020-11-11,0.53977,3
2020-11-12,0.533586,1
2020-11-13,0.512897,9
2020-11-14,0.500889,6
2020-11-15,0.513974,2
2020-11-16,0.49288,18
2020-11-17,0.513444,10
2020-11-18,0.499825,3
2020-11-19,0.524874,6
2020-11-21,0.531969,1
2020-11-22,0.470813,2
2020-11-23,0.487414,2
2020-11-24,0.44316,2
2020-11-25,0.523374,2
2020-11-26,0.485115,1
2020-11-27,0.533692,1
2020-11-28,0.514084,3
2020-11-29,0.526655,1
2020-11-30,0.524892,2
2020-12-02,0.524933,6
2020-12-03,0.531662,1
2020-12-04,0.509491,5
2020-12-05,0.492104,2
2020-12-06,0.492126,2
2020-12-07,0.524076,3
2020-12-08,0.522597,6
2020-12-09,0.517443,6
2020-12-10,0.514194,5
2020-12-11,0.501958,2
2020-12-13,0.495352,2
2020-12-14,0.551665,1
2020-12-15,0.500538,5
2020-12-16,0.492461,6
2020-12-17,0.485987,2
2020-12-18,0.499437,2
2020-12-19,0.528043,1
2020-12-20,0.517872,1
2020-12-21,0.528476,1
2020-12-22,0.500311,1
2020-12-23,0.524515,2
2020-12-26,0.524052,4
2020-12-27,0.552893,1
2020-12-28,0.543148,3
2020-12-29,0.53288,2
2020-12-30,0.549805,2
2020-12-31,0.535501,1
2021-01-02,0.560218,1
2021-01-03,0.493253,1
2021-01-05,0.527081,5
2021-01-06,0.519908,3
2021-01-07,0.495106,5
2021-01-08,0.514084,12
2021-01-09,0.487501,9
2021-01-10,0.49831,2
2021-01-11,0.502977,6
2021-01-12,0.515993,9
2021-01-13,0.51208,22
2021-01-14,0.510279,25
2021-01-15,0.506251,27
2021-01-16,0.506881,11
2021-01-17,0.511859,11
2021-01-18,0.502178,9
2021-01-19,0.508378,10
2021-01-20,0.505939,28
2021-01-21,0.498398,52
2021-01-22,0.499823,50
2021-01-23,0.511554,11
2021-01-24,0.50036,14
2021-01-25,0.49859,21
2021-01-26,0.496932,35
2021-01-27,0.500073,21
2021-01-28,0.505208,29
2021-01-29,0.487554,17
2021-01-30,0.499195,7
2021-01-31,0.487061,21
2021-02-01,0.496857,4
2021-02-02,0.502288,20
2021-02-03,0.492652,5
2021-02-04,0.51268,2
2021-02-05,0.510156,5
2021-02-06,0.459886,9
2021-02-07,0.506343,2
2021-02-08,0.540625,4
2021-02-09,0.520749,9
2021-02-10,0.542647,2
2021-02-11,0.508108,3
2021-02-12,0.518428,10
2021-02-13,0.550289,1
2021-02-14,0.521771,2
2021-02-15,0.513042,6
2021-02-16,0.535483,3
2021-02-17,0.525559,17
2021-02-18,0.50912,2
2021-02-19,0.510322,5
2021-02-20,0.508187,2
2021-02-21,0.530341,3
2021-02-22,0.508234,5
2021-02-23,0.491358,7
2021-02-24,0.500521,6
2021-02-25,0.503298,7
2021-02-26,0.506039,13
2021-02-27,0.495873,17
2021-02-28,0.506729,5
2021-03-01,0.527892,6
2021-03-02,0.509132,2
2021-03-03,0.454222,3
2021-03-04,0.505589,8
2021-03-05,0.507035,19
2021-03-06,0.498779,6
2021-03-07,0.508842,9
2021-03-08,0.503141,3
2021-03-09,0.512395,11
2021-03-10,0.4804,13
2021-03-11,0.507568,5
2021-03-12,0.492725,2
2021-03-14,0.505331,4
2021-03-15,0.513648,3
2021-03-16,0.490285,5
2021-03-17,0.490475,9
2021-03-18,0.482993,1
2021-03-19,0.454344,13
2021-03-20,0.504316,16
2021-03-21,0.503381,17
2021-03-22,0.506939,9
2021-03-23,0.52974,4
2021-03-24,0.50201,40
2021-03-25,0.490717,11
2021-03-26,0.503472,9
2021-03-27,0.509104,3
2021-03-28,0.506993,11
2021-03-29,0.523404,8
2021-03-30,0.505532,4
2021-03-31,0.493938,13
2021-04-01,0.516095,10
2021-04-02,0.501762,3
2021-04-03,0.518307,4
2021-04-05,0.492675,6
2021-04-06,0.508754,5
2021-04-07,0.522099,3
2021-04-08,0.501282,7
2021-04-09,0.516504,11
2021-04-10,0.519227,5
2021-04-11,0.519337,1
2021-04-12,0.514024,8
2021-04-13,0.506999,5
2021-04-14,0.493964,12
2021-04-15,0.502473,13
2021-04-16,0.519049,2
2021-04-17,0.486198,2
2021-04-18,0.508862,2
2021-04-19,0.47124,4
2021-04-20,0.497791,2
2021-04-21,0.508607,9
2021-04-22,0.50469,2
2021-04-23,0.509338,10
2021-04-25,0.497936,3
2021-04-26,0.519719,6
2021-04-27,0.520668,3
2021-04-28,0.504222,4
2021-04-29,0.508453,5
2021-04-30,0.484659,5
2021-05-01,0.512614,1
2021-05-02,0.493635,3
2021-05-03,0.484869,6
2021-05-04,0.508687,9
2021-05-05,0.510513,3
2021-05-06,0.475258,3
2021-05-07,0.518516,3
2021-05-08,0.509661,2
2021-05-09,0.513417,4
2021-05-10,0.511519,10
2021-05-11,0.499207,9
2021-05-12,0.497136,14
2021-05-13,0.499418,12
2021-05-14,0.522269,3
2021-05-15,0.499239,4
2021-05-16,0.486257,6
2021-05-17,0.489533,2
2021-05-18,0.521751,3
2021-05-19,0.491177,7
2021-05-20,0.489596,4
2021-05-21,0.530462,3
2021-05-22,0.490709,4
2021-05-23,0.491826,2
2021-05-24,0.501169,2
2021-05-25,0.521994,12
2021-05-26,0.505632,6
2021-05-27,0.510357,4
2021-05-28,0.487549,6
2021-05-30,0.524916,1
2021-05-31,0.505159,2
2021-06-01,0.523825,2
2021-06-02,0.532655,7
2021-06-03,0.526009,3
2021-06-04,0.428007,1
2021-06-05,0.478601,2
2021-06-07,0.515677,2
2021-06-08,0.501595,2
2021-06-09,0.520615,5
2021-06-10,0.521645,5
2021-06-11,0.519399,2
2021-06-12,0.494089,4
2021-06-14,0.517902,4
2021-06-15,0.502056,3
2021-06-16,0.505598,2
2021-06-17,0.522175,1
2021-06-18,0.502117,14
2021-06-19,0.504066,8
2021-06-20,0.474391,2
2021-06-21,0.508746,7
2021-06-22,0.499286,11
2021-06-23,0.499716,7
2021-06-25,0.519904,2
2021-06-26,0.496821,2
2021-06-28,0.489007,2
2021-06-29,0.489651,3
2021-06-30,0.526525,3
2021-07-01,0.540774,1
2021-07-02,0.511398,7
2021-07-03,0.455031,1
2021-07-04,0.515922,3
2021-07-05,0.509018,4
2021-07-06,0.499285,6
2021-07-07,0.503746,5
2021-07-08,0.527167,3
2021-07-09,0.512719,8
2021-07-10,0.526844,7
2021-07-11,0.526534,5
2021-07-12,0.495336,7
2021-07-13,0.524797,6
2021-07-14,0.524706,5
2021-07-15,0.49343,18
2021-07-16,0.477104,17
2021-07-17,0.519519,4
2021-07-18,0.494861,3
2021-07-19,0.50075,10
2021-07-20,0.552693,1
2021-07-21,0.516724,4
2021-07-22,0.530014,1
2021-07-23,0.512661,1
2021-07-24,0.534896,1
2021-07-25,0.520543,4
2021-07-26,0.521412,6
2021-07-27,0.495453,2
2021-07-28,0.500718,3
2021-07-29,0.536572,1
2021-07-30,0.496399,2
2021-07-31,0.475127,2
2021-08-03,0.511612,2
2021-08-04,0.52322,3
2021-08-05,0.523368,2
2021-08-07,0.513251,1
2021-08-08,0.511975,1
2021-08-09,0.483049,5
2021-08-10,0.508925,2
2021-08-11,0.482702,4
2021-08-12,0.507184,4
2021-08-13,0.52424,7
2021-08-14,0.506457,1
2021-08-15,0.522069,2
2021-08-16,0.524954,5
2021-08-17,0.504152,1
2021-08-18,0.471913,3
2021-08-19,0.531047,2
2021-08-20,0.523671,8
2021-08-21,0.552375,3
2021-08-23,0.513291,7
2021-08-24,0.517911,3
2021-08-25,0.529066,6
2022-02-25,0.46997,1
2022-04-18,0.523052,1
2022-11-27,0.513062,1
2023-03-06,0.506593,1
2023-03-08,0.458832,1
2023-03-09,0.530404,1
2023-03-11,0.44082,1
2023-03-18,0.523135,2
2023-03-20,0.512342,1
2023-03-21,0.498502,1
2023-03-22,0.46954,1
2023-03-27,0.490436,1
2023-03-29,0.511818,1
2023-03-30,0.535223,1
2023-04-02,0.523552,1
2023-04-04,0.514751,1
2023-04-09,0.479394,1
2023-04-10,0.493613,3
2023-04-11,0.512342,1
2023-04-16,0.511953,1
2023-04-17,0.511771,1
2023-04-18,0.484449,7
2023-04-19,0.542223,1
2023-04-24,0.499167,3
2023-04-26,0.506593,1
2023-04-30,0.481908,5
2023-05-01,0.481813,3
2023-05-03,0.481813,1
2023-05-04,0.487057,1
2023-05-09,0.51938,3
2023-05-10,0.504341,1
2023-05-11,0.490429,2
2023-05-13,0.487075,2
2023-05-15,0.526693,2
2023-05-16,0.506785,2
2023-05-17,0.488463,2
2023-05-19,0.485073,1
2023-05-20,0.512716,2
2023-05-21,0.485677,4
2023-05-23,0.482991,9
2023-05-24,0.497482,8
2023-05-26,0.476538,8
2023-05-27,0.476583,13
2023-05-28,0.501017,2
2023-05-29,0.513877,1
2023-05-30,0.46639,5
2023-05-31,0.536369,1
2023-06-02,0.495668,1
2023-06-03,0.4922,4
2023-06-04,0.501829,1
2023-06-05,0.510144,4
2023-06-06,0.516796,7
2023-06-07,0.541817,1
2023-06-10,0.540121,1
2023-06-11,0.46691,1
2023-06-12,0.528813,1
2023-06-13,0.502133,1
2023-06-14,0.492177,2
2023-06-15,0.500901,1
2023-06-16,0.500901,1
2023-06-17,0.515864,2
2023-06-18,0.478486,3
2023-06-20,0.512685,1
2023-06-21,0.503773,1
2023-06-23,0.520538,1
2023-06-24,0.511385,5
2023-06-26,0.505944,5
2023-06-29,0.54214,1
2023-07-01,0.504565,1
2023-07-02,0.516142,1
2023-07-03,0.510385,5
2023-07-04,0.521185,4
2023-07-05,0.515399,1
2023-07-07,0.511748,1
2023-07-08,0.498736,3
2023-07-09,0.486535,1
2023-07-10,0.526735,3
2023-07-11,0.515927,2
2023-07-12,0.547412,2
2023-07-13,0.512733,1
2023-07-15,0.460341,1
2023-07-17,0.510177,2
2023-07-18,0.518609,2
2023-07-19,0.493638,2
2023-07-21,0.518051,1
2023-07-22,0.508057,2
2023-07-26,0.539484,1
2023-07-31,0.510735,1
2023-08-01,0.502485,4
2023-08-02,0.502485,1
2023-08-06,0.497008,1
2023-08-12,0.486836,2
2023-08-13,0.484485,1
2023-08-17,0.514846,2
2023-08-18,0.517053,3
2023-08-19,0.511746,1
2023-08-25,0.495141,1
2023-08-26,0.494082,1
2023-08-27,0.492353,2
2023-08-28,0.493894,1
2023-08-29,0.498817,2
2023-08-30,0.528495,6
2023-09-03,0.447272,1
2023-09-04,0.450153,1
2023-09-05,0.511204,2
2023-09-10,0.53949,2
2023-09-14,0.535484,1
2023-09-18,0.54293,1
2023-09-19,0.48229,2
2023-09-21,0.509332,1
2023-09-24,0.50872,1
2023-09-25,0.511502,1
2023-09-27,0.521668,3
2023-09-28,0.497634,1
2023-09-29,0.498542,1
2023-09-30,0.498542,1
2023-10-01,0.508931,5
2023-10-07,0.501116,3
2023-10-08,0.5248,5
2023-10-09,0.550161,2
2023-10-10,0.489411,1
2023-10-11,0.524791,6
2023-10-12,0.525049,3
2023-10-14,0.511715,1
2023-10-15,0.520293,4
2023-10-17,0.532543,5
2023-10-18,0.515532,2
2023-10-19,0.520939,1
2023-10-21,0.505923,1
2023-10-22,0.500749,1
2023-10-23,0.497808,5
2023-10-28,0.536928,6
2023-10-29,0.515795,5
2023-10-30,0.54887,3
2023-10-31,0.511473,7
2023-11-01,0.516165,1
2023-11-02,0.539378,1
2023-11-03,0.526566,5
2023-11-04,0.520816,11
2023-11-05,0.51533,3
2023-11-06,0.476476,2
2023-11-07,0.511824,1
2023-11-08,0.528313,1
2023-11-09,0.506243,2
2023-11-11,0.509586,3
2023-11-12,0.483873,1
2023-11-14,0.53149,2
2023-11-15,0.533777,3
2023-11-17,0.500469,1
2023-11-18,0.513782,1
2023-11-19,0.513363,2
2023-11-20,0.543056,1
2023-11-21,0.516143,1
2023-11-22,0.467378,1
2023-11-23,0.489529,2
2023-11-24,0.489529,2
2023-11-25,0.528139,2
2023-11-26,0.498058,1
2023-11-28,0.520573,2
2023-11-29,0.520573,2
2023-11-30,0.535564,1
2023-12-05,0.51004,2
2023-12-06,0.525442,2
2023-12-07,0.461937,2
2023-12-09,0.532216,1
2023-12-10,0.5436,1
2023-12-11,0.529594,9
2023-12-12,0.528886,7
2023-12-13,0.524167,8
2023-12-14,0.545095,4
2023-12-15,0.518961,6
2023-12-16,0.515934,4
2023-12-17,0.515419,12
2023-12-18,0.470311,2
2023-12-19,0.491524,6
2023-12-20,0.512199,7
2023-12-21,0.533717,1
2023-12-23,0.477245,1
2023-12-24,0.526902,2
2023-12-28,0.488158,2
2023-12-29,0.488831,2
2023-12-30,0.508377,2
2023-12-31,0.571716,1
2024-01-01,0.518049,1
2024-01-02,0.502641,3
2024-01-03,0.431944,2
2024-01-07,0.528499,3
2024-01-08,0.488158,2
2024-01-10,0.529769,2
2024-01-11,0.531138,1
2024-01-13,0.530458,1
2024-01-14,0.523525,3
2024-01-15,0.51958,3
2024-01-16,0.487062,2
2024-01-17,0.502195,2
2024-01-18,0.505018,1
2024-01-19,0.55372,1
2024-01-20,0.523909,4
2024-01-28,0.478164,1
2024-01-31,0.507371,3
2024-02-01,0.509457,4
2024-02-02,0.508563,3
2024-02-03,0.479286,3
2024-02-05,0.495511,2
2024-02-06,0.494084,3
2024-02-07,0.511099,1
2024-02-10,0.544883,1
2024-02-12,0.521765,3
2024-02-14,0.533428,1
2024-02-17,0.493529,1
2024-02-18,0.511612,5
2024-02-19,0.500115,9
2024-02-20,0.499549,2
2024-02-21,0.515187,2
2024-02-22,0.508075,1
2024-02-24,0.506062,5
2024-02-25,0.508075,1
2024-02-26,0.502468,1
2024-02-27,0.476751,6
2024-02-28,0.486871,5
2024-02-29,0.485019,5
2024-03-01,0.508075,2
2024-03-02,0.501947,1
2024-03-03,0.489463,1
2024-03-04,0.497802,4
2024-03-05,0.50817,4
2024-03-06,0.494448,2
2024-03-07,0.497293,5
2024-03-09,0.500472,6
2024-03-10,0.50059,5
2024-03-11,0.479308,9
2024-03-12,0.490943,5
2024-03-13,0.48329,9
2024-03-15,0.523873,3
2024-03-16,0.499551,6
2024-03-17,0.476136,6
2024-03-18,0.497683,25
2024-03-19,0.504092,20
2024-03-20,0.493273,4
2024-03-21,0.495252,4
2024-03-22,0.509465,3
2024-03-23,0.510309,3
2024-03-24,0.507057,3
2024-03-25,0.555336,2
2024-03-26,0.52038,2
2024-03-27,0.494857,14
2024-03-28,0.51192,4
2024-03-29,0.530369,2
2024-03-30,0.507011,4
2024-03-31,0.511771,2
2024-04-03,0.466787,1
2024-04-04,0.507019,1
2024-04-06,0.514348,2
2024-04-07,0.510664,2
2024-04-10,0.540729,3
2024-04-13,0.538682,1
2024-04-15,0.495313,5
2024-04-16,0.496047,8
2024-04-17,0.503427,8
2024-04-18,0.492271,3
2024-04-19,0.509312,2
2024-04-20,0.475725,1
2024-04-21,0.552006,1
2024-04-23,0.526855,1
2024-04-24,0.534738,1
2024-04-27,0.526777,1
2024-04-28,0.490595,3
2024-04-29,0.469387,1
2024-05-01,0.526798,3
2024-05-03,0.569649,1
2024-05-04,0.517784,1
2024-05-05,0.510927,2
2024-05-08,0.530576,4
2024-05-10,0.510736,2
2024-05-11,0.524383,2
2024-05-12,0.533932,2
2024-05-13,0.52727,2
2024-05-14,0.505615,4
2024-05-15,0.52862,13
2024-05-16,0.503541,11
2024-05-17,0.499773,11
2024-05-18,0.504969,13
2024-05-19,0.493717,10
2024-05-20,0.489304,5
2024-05-21,0.522979,2
2024-05-23,0.488111,1
2024-05-24,0.515768,3
2024-05-25,0.510153,2
2024-05-26,0.512244,2
2024-05-27,0.491318,1
2024-05-29,0.536338,1
2024-06-01,0.501446,5
2024-06-02,0.521989,2
2024-06-03,0.528862,1
2024-06-04,0.492118,3
2024-06-05,0.515687,6
2024-06-06,0.484288,1
2024-06-07,0.449071,1
2024-06-08,0.503085,3
2024-06-09,0.487248,4
2024-06-10,0.516303,6
2024-06-11,0.497894,3
2024-06-12,0.518561,1
2024-06-15,0.503673,4
2024-06-16,0.525883,2
2024-06-17,0.515744,1
2024-06-18,0.522719,2
2024-06-20,0.523877,1
2024-06-22,0.464769,1
2024-06-23,0.46363,1
2024-06-24,0.490548,1
2024-06-27,0.532885,1
2024-06-29,0.530825,2
2024-06-30,0.513326,3
2024-07-01,0.496916,2
2024-07-02,0.510141,2
2024-07-03,0.515232,5
2024-07-04,0.498579,1
2024-07-05,0.51801,1
2024-07-06,0.531455,3
2024-07-08,0.548739,2
2024-07-09,0.533123,1
2024-07-10,0.512744,7
2024-07-11,0.527064,1
2024-07-12,0.514244,2
2024-07-13,0.520497,4
2024-07-14,0.503703,9
2024-07-15,0.504131,4
2024-07-16,0.535107,11
2024-07-17,0.515037,4
2024-07-18,0.517443,6
2024-07-19,0.529474,1
2024-07-20,0.512763,4
2024-07-21,0.510695,13
2024-07-22,0.495239,8
2024-07-23,0.491047,7
2024-07-24,0.506826,13
2024-07-25,0.505852,13
2024-07-26,0.511144,6
2024-07-27,0.503224,40
2024-07-28,0.50184,29
2024-07-29,0.515244,17
2024-07-30,0.501533,6
2024-07-31,0.509938,2
2024-08-01,0.50243,1
2024-08-02,0.529659,6
2024-08-03,0.518819,3
2024-08-04,0.486336,2
2024-08-05,0.519934,4
2024-08-06,0.499086,5
2024-08-07,0.519204,2
2024-08-08,0.48711,6
2024-08-10,0.508397,7
2024-08-11,0.513479,2
2024-08-12,0.519855,2
2024-08-13,0.52156,4
2024-08-14,0.505497,2
2024-08-15,0.50277,1
2024-08-17,0.520677,3
2024-08-18,0.522359,1
2024-08-19,0.529031,1
2024-08-20,0.53702,1
2024-08-21,0.539343,2
2024-08-22,0.50202,1
2024-08-24,0.507852,3
2024-08-25,0.510974,5
2024-08-26,0.508263,2
2024-08-27,0.512342,1
2024-08-28,0.457586,4
2024-08-31,0.487371,2
2024-09-01,0.521568,1
2024-09-02,0.493408,1
2024-09-04,0.503055,4
2024-09-05,0.52532,2
2024-09-06,0.530584,1
2024-09-07,0.518991,1
2024-09-08,0.516135,2
2024-09-09,0.500533,3
2024-09-10,0.525916,3
2024-09-11,0.508476,3
2024-09-12,0.474455,2
2024-09-14,0.523211,1
2024-09-15,0.497713,3
2024-09-16,0.514879,10
2024-09-17,0.500882,4
2024-09-18,0.527928,1
2024-09-21,0.515741,1
2024-09-22,0.502889,2
2024-09-25,0.480848,2
2024-09-27,0.49324,1
2024-09-28,0.510213,1
2024-09-30,0.523351,1
2024-10-02,0.487703,1
2024-10-03,0.459201,1
2024-10-05,0.516556,2
2024-10-06,0.505818,2
2024-10-07,0.512343,2
2024-10-08,0.533605,2
2024-10-09,0.507323,2
2024-10-10,0.492631,1
2024-10-11,0.52165,2
2024-10-12,0.513886,2
2024-10-13,0.503074,2
2024-10-14,0.526723,1
2024-10-15,0.53401,6
2024-10-16,0.495985,2
2024-10-17,0.524892,1
2024-10-19,0.488732,1
2024-10-21,0.479214,2
2024-10-23,0.505981,4
2024-10-24,0.540337,2
2024-10-26,0.52619,2
2024-10-27,0.526182,4
2024-10-28,0.505239,5
2024-10-30,0.510715,3
2024-11-02,0.477072,3
2024-11-04,0.536552,1
2024-11-06,0.490281,1
2024-11-09,0.522216,3
2024-11-10,0.48054,5
2024-11-11,0.53977,3
2024-11-12,0.533586,1
2024-11-13,0.512897,9
2024-11-14,0.500889,6
2024-11-15,0.513974,2
2024-11-16,0.49288,18
2024-11-17,0.513444,10
2024-11-18,0.499825,3
2024-11-19,0.524874,6
2024-11-21,0.531969,1
2024-11-22,0.470813,2
2024-11-23,0.487414,2
2024-11-24,0.44316,2
2024-11-25,0.523374,2
2024-11-26,0.485115,1
2024-11-27,0.533692,1
2024-11-28,0.514084,3
2024-11-29,0.526655,1
2024-11-30,0.524892,2
2024-12-02,0.524933,6
2024-12-03,0.531662,1
2024-12-04,0.509491,5
2024-12-05,0.492104,2
2024-12-06,0.492126,2
2024-12-07,0.524076,3
2024-12-08,0.522597,6
2024-12-09,0.517443,6
2024-12-10,0.514194,5
2024-12-11,0.501958,2
2024-12-13,0.495352,2
2024-12-14,0.551665,1
2024-12-15,0.500538,5
2024-12-16,0.492461,6
2024-12-17,0.485987,2
2024-12-18,0.499437,2
2024-12-19,0.528043,1
2024-12-20,0.517872,1
2024-12-21,0.528476,1
2024-12-22,0.500311,1
2024-12-23,0.524515,2
2024-12-26,0.524052,4
2024-12-27,0.552893,1
2024-12-28,0.543148,3
2024-12-29,0.53288,2
2024-12-30,0.549805,2
2024-12-31,0.535501,1
2025-01-02,0.560218,1
2025-01-03,0.493253,1
2025-01-05,0.527081,5
2025-01-06,0.519908,3
2025-01-07,0.495106,5
2025-01-08,0.514084,12
2025-01-09,0.487501,9
2025-01-10,0.49831,2
2025-01-11,0.502977,6
2025-01-12,0.515993,9
2025-01-13,0.51208,22
2025-01-14,0.510279,25
2025-01-15,0.506251,27
2025-01-16,0.506881,11
2025-01-17,0.511859,11
2025-01-18,0.502178,9
2025-01-19,0.508378,10
2025-01-20,0.505014,32
2025-01-21,0.498398,52
2025-01-22,0.499823,50
2025-01-23,0.511554,11
2025-01-24,0.50036,14
2025-01-25,0.49859,21
2025-01-26,0.496932,35
2025-01-27,0.500073,21
2025-01-28,0.505208,29
2025-01-29,0.487554,17
2025-01-30,0.499195,7
2025-01-31,0.487061,21
2025-02-01,0.496857,4
2025-02-02,0.502288,20
2025-02-03,0.492652,5
2025-02-04,0.51268,2
2025-02-05,0.510156,5
2025-02-06,0.459886,9
2025-02-07,0.506343,2
2025-02-08,0.540625,4
2025-02-09,0.520749,9
2025-02-10,0.542647,2
2025-02-11,0.508108,3
2025-02-12,0.518428,10
2025-02-13,0.550289,1
2025-02-14,0.521771,2
2025-02-15,0.513042,6
2025-02-16,0.535483,3
2025-02-17,0.525559,17
2025-02-18,0.50912,2
2025-02-19,0.510322,5
2025-02-20,0.508187,2
2025-02-21,0.530341,3
2025-02-22,0.508234,5
2025-02-23,0.491358,7
2025-02-24,0.500521,6
2025-02-25,0.503298,7
2025-02-26,0.506039,13
2025-02-27,0.495873,17
2025-02-28,0.506729,5
2025-03-01,0.527892,6
2025-03-02,0.509132,2
2025-03-03,0.454222,3
2025-03-04,0.505589,8
2025-03-05,0.507035,19
2025-03-06,0.498779,6
2025-03-07,0.508842,9
2025-03-08,0.503141,3
2025-03-09,0.512395,11
2025-03-10,0.4804,13
2025-03-11,0.507568,5
2025-03-12,0.492725,2
2025-03-14,0.505331,4
2025-03-15,0.513648,3
2025-03-16,0.490285,5
2025-03-17,0.490475,9
2025-03-18,0.482993,1
2025-03-19,0.454344,13
2025-03-20,0.504316,16
2025-03-21,0.503381,17
2025-03-22,0.506939,9
2025-03-23,0.52974,4
2025-03-24,0.50201,40
2025-03-25,0.490717,11
2025-03-26,0.503472,9
2025-03-27,0.509104,3
2025-03-28,0.506993,11
2025-03-29,0.523404,8
2025-03-30,0.505532,4
2025-03-31,0.493938,13
2025-04-01,0.516095,10
2025-04-02,0.501762,3
2025-04-03,0.518307,4
2025-04-05,0.492675,6
2025-04-06,0.508754,5
2025-04-07,0.522099,3
2025-04-08,0.501282,7
2025-04-09,0.516504,11
2025-04-10,0.519227,5
2025-04-11,0.519337,1
2025-04-12,0.514024,8
2025-04-13,0.506999,5
2025-04-14,0.493964,12
2025-04-15,0.502473,13
2025-04-16,0.519049,2
2025-04-17,0.486198,2
2025-04-18,0.508862,2
2025-04-19,0.47124,4
2025-04-20,0.497791,2
2025-04-21,0.508607,9
2025-04-22,0.50469,2
2025-04-23,0.509338,10
2025-04-25,0.497936,3
2025-04-26,0.519719,6
2025-04-27,0.520668,3
2025-04-28,0.504222,4
2025-04-29,0.508453,5
2025-04-30,0.484659,5
2025-05-01,0.512614,1
2025-05-02,0.493635,3
2025-05-03,0.484869,6
2025-05-04,0.508687,9
2025-05-05,0.510513,3
2025-05-06,0.475258,3
2025-05-07,0.518516,3
2025-05-08,0.509661,2
2025-05-09,0.513417,4
2025-05-10,0.511519,10
2025-05-11,0.499207,9
2025-05-12,0.497136,14
2025-05-13,0.499418,12
2025-05-14,0.522269,3
2025-05-15,0.499239,4
2025-05-16,0.486257,6
2025-05-17,0.489533,2
2025-05-18,0.521751,3
2025-05-19,0.491177,7
2025-05-20,0.489596,4
2025-05-21,0.530462,3
2025-05-22,0.490709,4
2025-05-23,0.491826,2
2025-05-24,0.501169,2
2025-05-25,0.521994,12
2025-05-26,0.505632,6
2025-05-27,0.510357,4
2025-05-28,0.487549,6
2025-05-30,0.524916,1
2025-05-31,0.505159,2
2025-06-01,0.523825,2
2025-06-02,0.532655,7
2025-06-03,0.526009,3
2025-06-04,0.428007,1
2025-06-05,0.478601,2
2025-06-07,0.515677,2
2025-06-08,0.501595,2
2025-06-09,0.520615,5
2025-06-10,0.521645,5
2025-06-11,0.519399,2
2025-06-12,0.494089,4
2025-06-14,0.517902,4
2025-06-15,0.502056,3
2025-06-16,0.505598,2
2025-06-17,0.522175,1
2025-06-18,0.502117,14
2025-06-19,0.504066,8
2025-06-20,0.474391,2
2025-06-21,0.508746,7
2025-06-22,0.499286,11
2025-06-23,0.499716,7
2025-06-25,0.519904,2
2025-06-26,0.496821,2
2025-06-28,0.489007,2
2025-06-29,0.489651,3
2025-06-30,0.526525,3
2025-07-01,0.540774,1
2025-07-02,0.511398,7
2025-07-03,0.455031,1
2025-07-04,0.515922,3
2025-07-05,0.509018,4
2025-07-06,0.499285,6
2025-07-07,0.503746,5
2025-07-08,0.527167,3
2025-07-09,0.512719,8
2025-07-10,0.526844,7
2025-07-11,0.526534,5
2025-07-12,0.495336,7
2025-07-13,0.524797,6
2025-07-14,0.524706,5
2025-07-15,0.49343,18
2025-07-16,0.477104,17
2025-07-17,0.519519,4
2025-07-18,0.494861,3
2025-07-19,0.50075,10
2025-07-20,0.552693,1
2025-07-21,0.516724,4
2025-07-22,0.530014,1
2025-07-23,0.512661,1
2025-07-24,0.534896,1
2025-07-25,0.520543,4
2025-07-26,0.521412,6
2025-07-27,0.495453,2
2025-07-28,0.500718,3
2025-07-29,0.536572,1
2025-07-30,0.496399,2
2025-07-31,0.475127,2
2025-08-03,0.511612,2
2025-08-04,0.52322,3
2025-08-05,0.523368,2
2025-08-07,0.513251,1
2025-08-08,0.511975,1
2025-08-09,0.483049,5
2025-08-10,0.508925,2
2025-08-11,0.482702,4
2025-08-12,0.507184,4
2025-08-13,0.52424,7
2025-08-14,0.506457,1
2025-08-15,0.522069,2
2025-08-16,0.524954,5
2025-08-17,0.504152,1
2025-08-18,0.471913,3
2025-08-19,0.531047,2
2025-08-20,0.523671,8
2025-08-21,0.552375,3
2025-08-23,0.513291,7
2025-08-24,0.517911,3
2025-08-25,0.523435,13
2025-08-26,0.51875,16
2025-08-27,0.502175,2
2025-08-28,0.530936,1
2025-08-29,0.490919,1
2025-08-30,0.521944,4
2025-08-31,0.524585,3
2025-09-01,0.503042,1
2025-09-02,0.523235,7
2025-09-03,0.522997,5
2025-09-04,0.469019,1
2025-09-05,0.520655,6
2025-09-06,0.511752,5
2025-09-07,0.515429,2
2025-09-08,0.520057,6
2025-09-10,0.513406,6
2025-09-12,0.489793,1
2025-09-13,0.534429,2
2025-09-14,0.539494,2
2025-09-15,0.464235,1
2025-09-16,0.494731,1
2025-09-17,0.467644,6
2025-09-18,0.537414,1
2025-09-19,0.493625,2
2025-09-20,0.497835,6
2025-09-22,0.463981,3
2025-09-23,0.522832,1
2025-09-24,0.533814,1
2025-09-26,0.516888,1
2025-09-27,0.494482,3
2025-09-28,0.490475,2
2025-09-29,0.498879,6
2025-09-30,0.511717,7
2025-10-01,0.485004,6
2025-10-02,0.483119,7
2025-10-03,0.466615,7
2025-10-04,0.498905,5
2025-10-05,0.516063,2
2025-10-06,0.505126,6
2025-10-07,0.494697,6
2025-10-08,0.506113,4
2025-10-09,0.489471,3
2025-10-12,0.530391,1
2025-10-13,0.509968,5
2025-10-14,0.519639,13
2025-10-15,0.516966,7
2025-10-16,0.477542,3
2025-10-17,0.475663,3
2025-10-18,0.508126,4
2025-10-21,0.497971,1
2025-10-22,0.532783,2
2025-10-23,0.481498,1
2025-10-24,0.473566,4
2025-10-26,0.519224,3
2025-10-27,0.500488,3
2025-10-28,0.507178,7
2025-10-31,0.493257,1
2025-11-01,0.475994,1
2025-11-02,0.487847,3
2025-11-03,0.484193,1
2025-11-04,0.507928,5
2025-11-05,0.498667,1
2025-11-08,0.524022,2
2025-11-09,0.521433,10
2025-11-10,0.525049,8
2025-11-11,0.500683,2
2025-11-13,0.511763,1
2025-11-16,0.498889,1
2025-11-18,0.50793,3
2025-11-19,0.512757,2
2025-11-20,0.513926,1
2025-11-22,0.503372,5
2025-11-24,0.507382,1
2025-11-25,0.504103,1
2025-11-26,0.457339,2
2025-11-29,0.495125,3
2025-11-30,0.495564,2
2025-12-01,0.525222,2
2025-12-02,0.51823,1
2025-12-03,0.511781,6
2025-12-04,0.513207,1
2025-12-06,0.516343,1
2025-12-07,0.496181,2
2025-12-08,0.479719,6
2025-12-09,0.531476,2
2025-12-10,0.525274,3
2025-12-11,0.509171,2
2025-12-12,0.491277,3
2025-12-13,0.48465,1
2025-12-14,0.52658,2
2025-12-15,0.518971,7
2025-12-16,0.535878,2
2025-12-17,0.527954,1
2025-12-18,0.473688,1
2025-12-19,0.474679,1
2025-12-21,0.515346,1
2025-12-22,0.527689,4
2025-12-23,0.526274,2
2025-12-24,0.482326,2
2025-12-26,0.520582,1
2025-12-27,0.517794,2
2025-12-28,0.488287,3
2025-12-29,0.507156,1
