Date,News_Titles,News_Volume
2010-01-04 00:00:00,[],0
2010-01-05 00:00:00,[],0
2010-01-06 00:00:00,[],0
2010-01-07 00:00:00,[],0
2010-01-08 00:00:00,[],0
2010-01-11 00:00:00,[],0
2010-01-12 00:00:00,[],0
2010-01-13 00:00:00,[],0
2010-01-14 00:00:00,[],0
2010-01-15 00:00:00,[],0
2010-01-18 00:00:00,[],0
2010-01-19 00:00:00,[],0
2010-01-20 00:00:00,[],0
2010-01-21 00:00:00,[],0
2010-01-22 00:00:00,[],0
2010-01-25 00:00:00,[],0
2010-01-26 00:00:00,[],0
2010-01-27 00:00:00,[],0
2010-01-28 00:00:00,[],0
2010-01-29 00:00:00,[],0
2010-02-01 00:00:00,[],0
2010-02-02 00:00:00,[],0
2010-02-03 00:00:00,[],0
2010-02-04 00:00:00,[],0
2010-02-05 00:00:00,[],0
2010-02-08 00:00:00,[],0
2010-02-09 00:00:00,[],0
2010-02-10 00:00:00,[],0
2010-02-22 00:00:00,[],0
2010-02-23 00:00:00,[],0
2010-02-24 00:00:00,[],0
2010-02-25 00:00:00,[],0
2010-02-26 00:00:00,[],0
2010-03-01 00:00:00,[],0
2010-03-02 00:00:00,[],0
2010-03-03 00:00:00,[],0
2010-03-04 00:00:00,[],0
2010-03-05 00:00:00,[],0
2010-03-08 00:00:00,[],0
2010-03-09 00:00:00,[],0
2010-03-10 00:00:00,[],0
2010-03-11 00:00:00,[],0
2010-03-12 00:00:00,[],0
2010-03-15 00:00:00,[],0
2010-03-16 00:00:00,[],0
2010-03-17 00:00:00,[],0
2010-03-18 00:00:00,[],0
2010-03-19 00:00:00,[],0
2010-03-22 00:00:00,[],0
2010-03-23 00:00:00,[],0
2010-03-24 00:00:00,[],0
2010-03-25 00:00:00,[],0
2010-03-26 00:00:00,[],0
2010-03-29 00:00:00,[],0
2010-03-30 00:00:00,[],0
2010-03-31 00:00:00,[],0
2010-04-01 00:00:00,[],0
2010-04-02 00:00:00,[],0
2010-04-06 00:00:00,[],0
2010-04-07 00:00:00,[],0
2010-04-08 00:00:00,[],0
2010-04-09 00:00:00,[],0
2010-04-12 00:00:00,[],0
2010-04-13 00:00:00,[],0
2010-04-14 00:00:00,[],0
2010-04-15 00:00:00,[],0
2010-04-16 00:00:00,[],0
2010-04-19 00:00:00,[],0
2010-04-20 00:00:00,[],0
2010-04-21 00:00:00,[],0
2010-04-22 00:00:00,[],0
2010-04-23 00:00:00,[],0
2010-04-26 00:00:00,[],0
2010-04-27 00:00:00,[],0
2010-04-28 00:00:00,[],0
2010-04-29 00:00:00,[],0
2010-04-30 00:00:00,[],0
2010-05-03 00:00:00,[],0
2010-05-04 00:00:00,[],0
2010-05-05 00:00:00,[],0
2010-05-06 00:00:00,[],0
2010-05-07 00:00:00,[],0
2010-05-10 00:00:00,[],0
2010-05-11 00:00:00,[],0
2010-05-12 00:00:00,[],0
2010-05-13 00:00:00,[],0
2010-05-14 00:00:00,[],0
2010-05-17 00:00:00,[],0
2010-05-18 00:00:00,[],0
2010-05-19 00:00:00,[],0
2010-05-20 00:00:00,[],0
2010-05-21 00:00:00,[],0
2010-05-24 00:00:00,[],0
2010-05-25 00:00:00,[],0
2010-05-26 00:00:00,[],0
2010-05-27 00:00:00,[],0
2010-05-28 00:00:00,[],0
2010-05-31 00:00:00,[],0
2010-06-01 00:00:00,[],0
2010-06-02 00:00:00,[],0
2010-06-03 00:00:00,[],0
2010-06-04 00:00:00,[],0
2010-06-07 00:00:00,[],0
2010-06-08 00:00:00,[],0
2010-06-09 00:00:00,[],0
2010-06-10 00:00:00,[],0
2010-06-11 00:00:00,[],0
2010-06-14 00:00:00,[],0
2010-06-15 00:00:00,[],0
2010-06-17 00:00:00,[],0
2010-06-18 00:00:00,[],0
2010-06-21 00:00:00,[],0
2010-06-22 00:00:00,[],0
2010-06-23 00:00:00,[],0
2010-06-24 00:00:00,[],0
2010-06-25 00:00:00,[],0
2010-06-28 00:00:00,[],0
2010-06-29 00:00:00,[],0
2010-06-30 00:00:00,[],0
2010-07-01 00:00:00,[],0
2010-07-02 00:00:00,[],0
2010-07-05 00:00:00,[],0
2010-07-06 00:00:00,[],0
2010-07-07 00:00:00,[],0
2010-07-08 00:00:00,[],0
2010-07-09 00:00:00,[],0
2010-07-12 00:00:00,[],0
2010-07-13 00:00:00,[],0
2010-07-14 00:00:00,[],0
2010-07-15 00:00:00,[],0
2010-07-16 00:00:00,[],0
2010-07-19 00:00:00,[],0
2010-07-20 00:00:00,[],0
2010-07-21 00:00:00,[],0
2010-07-22 00:00:00,[],0
2010-07-23 00:00:00,[],0
2010-07-26 00:00:00,[],0
2010-07-27 00:00:00,[],0
2010-07-28 00:00:00,[],0
2010-07-29 00:00:00,[],0
2010-07-30 00:00:00,[],0
2010-08-02 00:00:00,[],0
2010-08-03 00:00:00,[],0
2010-08-04 00:00:00,[],0
2010-08-05 00:00:00,[],0
2010-08-06 00:00:00,[],0
2010-08-09 00:00:00,[],0
2010-08-10 00:00:00,[],0
2010-08-11 00:00:00,[],0
2010-08-12 00:00:00,[],0
2010-08-13 00:00:00,[],0
2010-08-16 00:00:00,[],0
2010-08-17 00:00:00,[],0
2010-08-18 00:00:00,[],0
2010-08-19 00:00:00,[],0
2010-08-20 00:00:00,[],0
2010-08-23 00:00:00,[],0
2010-08-24 00:00:00,[],0
2010-08-25 00:00:00,[],0
2010-08-26 00:00:00,[],0
2010-08-27 00:00:00,[],0
2010-08-30 00:00:00,[],0
2010-08-31 00:00:00,[],0
2010-09-01 00:00:00,[],0
2010-09-02 00:00:00,[],0
2010-09-03 00:00:00,[],0
2010-09-06 00:00:00,[],0
2010-09-07 00:00:00,[],0
2010-09-08 00:00:00,[],0
2010-09-09 00:00:00,[],0
2010-09-10 00:00:00,[],0
2010-09-13 00:00:00,[],0
2010-09-14 00:00:00,[],0
2010-09-15 00:00:00,[],0
2010-09-16 00:00:00,[],0
2010-09-17 00:00:00,[],0
2010-09-20 00:00:00,[],0
2010-09-21 00:00:00,[],0
2010-09-23 00:00:00,[],0
2010-09-24 00:00:00,[],0
2010-09-27 00:00:00,[],0
2010-09-28 00:00:00,[],0
2010-09-29 00:00:00,[],0
2010-09-30 00:00:00,[],0
2010-10-01 00:00:00,[],0
2010-10-04 00:00:00,[],0
2010-10-05 00:00:00,[],0
2010-10-06 00:00:00,[],0
2010-10-07 00:00:00,[],0
2010-10-08 00:00:00,[],0
2010-10-11 00:00:00,[],0
2010-10-12 00:00:00,[],0
2010-10-13 00:00:00,[],0
2010-10-14 00:00:00,[],0
2010-10-15 00:00:00,[],0
2010-10-18 00:00:00,[],0
2010-10-19 00:00:00,[],0
2010-10-20 00:00:00,[],0
2010-10-21 00:00:00,[],0
2010-10-22 00:00:00,[],0
2010-10-25 00:00:00,[],0
2010-10-26 00:00:00,[],0
2010-10-27 00:00:00,[],0
2010-10-28 00:00:00,[],0
2010-10-29 00:00:00,[],0
2010-11-01 00:00:00,[],0
2010-11-02 00:00:00,[],0
2010-11-03 00:00:00,[],0
2010-11-04 00:00:00,[],0
2010-11-05 00:00:00,[],0
2010-11-08 00:00:00,[],0
2010-11-09 00:00:00,[],0
2010-11-10 00:00:00,[],0
2010-11-11 00:00:00,[],0
2010-11-12 00:00:00,[],0
2010-11-15 00:00:00,[],0
2010-11-16 00:00:00,[],0
2010-11-17 00:00:00,[],0
2010-11-18 00:00:00,[],0
2010-11-19 00:00:00,[],0
2010-11-22 00:00:00,[],0
2010-11-23 00:00:00,[],0
2010-11-24 00:00:00,[],0
2010-11-25 00:00:00,[],0
2010-11-26 00:00:00,[],0
2010-11-29 00:00:00,[],0
2010-11-30 00:00:00,[],0
2010-12-01 00:00:00,[],0
2010-12-02 00:00:00,[],0
2010-12-03 00:00:00,[],0
2010-12-06 00:00:00,[],0
2010-12-07 00:00:00,[],0
2010-12-08 00:00:00,[],0
2010-12-09 00:00:00,[],0
2010-12-10 00:00:00,[],0
2010-12-13 00:00:00,[],0
2010-12-14 00:00:00,[],0
2010-12-15 00:00:00,[],0
2010-12-16 00:00:00,[],0
2010-12-17 00:00:00,[],0
2010-12-20 00:00:00,[],0
2010-12-21 00:00:00,[],0
2010-12-22 00:00:00,[],0
2010-12-23 00:00:00,[],0
2010-12-24 00:00:00,[],0
2010-12-27 00:00:00,[],0
2010-12-28 00:00:00,[],0
2010-12-29 00:00:00,[],0
2010-12-30 00:00:00,[],0
2010-12-31 00:00:00,[],0
2011-01-03 00:00:00,[],0
2011-01-04 00:00:00,[],0
2011-01-05 00:00:00,[],0
2011-01-06 00:00:00,[],0
2011-01-07 00:00:00,[],0
2011-01-10 00:00:00,[],0
2011-01-11 00:00:00,[],0
2011-01-12 00:00:00,[],0
2011-01-13 00:00:00,[],0
2011-01-14 00:00:00,[],0
2011-01-17 00:00:00,[],0
2011-01-18 00:00:00,[],0
2011-01-19 00:00:00,[],0
2011-01-20 00:00:00,[],0
2011-01-21 00:00:00,[],0
2011-01-24 00:00:00,[],0
2011-01-25 00:00:00,[],0
2011-01-26 00:00:00,[],0
2011-01-27 00:00:00,[],0
2011-01-28 00:00:00,[],0
2011-02-08 00:00:00,[],0
2011-02-09 00:00:00,[],0
2011-02-10 00:00:00,[],0
2011-02-11 00:00:00,[],0
2011-02-14 00:00:00,[],0
2011-02-15 00:00:00,[],0
2011-02-16 00:00:00,[],0
2011-02-17 00:00:00,[],0
2011-02-18 00:00:00,[],0
2011-02-21 00:00:00,[],0
2011-02-22 00:00:00,[],0
2011-02-23 00:00:00,[],0
2011-02-24 00:00:00,[],0
2011-02-25 00:00:00,[],0
2011-03-01 00:00:00,[],0
2011-03-02 00:00:00,[],0
2011-03-03 00:00:00,[],0
2011-03-04 00:00:00,[],0
2011-03-07 00:00:00,[],0
2011-03-08 00:00:00,[],0
2011-03-09 00:00:00,[],0
2011-03-10 00:00:00,[],0
2011-03-11 00:00:00,[],0
2011-03-14 00:00:00,[],0
2011-03-15 00:00:00,[],0
2011-03-16 00:00:00,[],0
2011-03-17 00:00:00,[],0
2011-03-18 00:00:00,[],0
2011-03-21 00:00:00,[],0
2011-03-22 00:00:00,[],0
2011-03-23 00:00:00,[],0
2011-03-24 00:00:00,[],0
2011-03-25 00:00:00,[],0
2011-03-28 00:00:00,[],0
2011-03-29 00:00:00,[],0
2011-03-30 00:00:00,[],0
2011-03-31 00:00:00,[],0
2011-04-01 00:00:00,[],0
2011-04-06 00:00:00,[],0
2011-04-07 00:00:00,[],0
2011-04-08 00:00:00,[],0
2011-04-11 00:00:00,[],0
2011-04-12 00:00:00,[],0
2011-04-13 00:00:00,[],0
2011-04-14 00:00:00,[],0
2011-04-15 00:00:00,[],0
2011-04-18 00:00:00,[],0
2011-04-19 00:00:00,[],0
2011-04-20 00:00:00,[],0
2011-04-21 00:00:00,[],0
2011-04-22 00:00:00,[],0
2011-04-25 00:00:00,[],0
2011-04-26 00:00:00,[],0
2011-04-27 00:00:00,[],0
2011-04-28 00:00:00,[],0
2011-04-29 00:00:00,[],0
2011-05-03 00:00:00,[],0
2011-05-04 00:00:00,[],0
2011-05-05 00:00:00,[],0
2011-05-06 00:00:00,[],0
2011-05-09 00:00:00,[],0
2011-05-10 00:00:00,[],0
2011-05-11 00:00:00,[],0
2011-05-12 00:00:00,[],0
2011-05-13 00:00:00,[],0
2011-05-16 00:00:00,[],0
2011-05-17 00:00:00,[],0
2011-05-18 00:00:00,[],0
2011-05-19 00:00:00,[],0
2011-05-20 00:00:00,[],0
2011-05-23 00:00:00,[],0
2011-05-24 00:00:00,[],0
2011-05-25 00:00:00,[],0
2011-05-26 00:00:00,[],0
2011-05-27 00:00:00,[],0
2011-05-30 00:00:00,[],0
2011-05-31 00:00:00,[],0
2011-06-01 00:00:00,[],0
2011-06-02 00:00:00,[],0
2011-06-03 00:00:00,[],0
2011-06-07 00:00:00,[],0
2011-06-08 00:00:00,[],0
2011-06-09 00:00:00,[],0
2011-06-10 00:00:00,[],0
2011-06-13 00:00:00,[],0
2011-06-14 00:00:00,[],0
2011-06-15 00:00:00,[],0
2011-06-16 00:00:00,[],0
2011-06-17 00:00:00,[],0
2011-06-20 00:00:00,[],0
2011-06-21 00:00:00,[],0
2011-06-22 00:00:00,[],0
2011-06-23 00:00:00,[],0
2011-06-24 00:00:00,[],0
2011-06-27 00:00:00,[],0
2011-06-28 00:00:00,[],0
2011-06-29 00:00:00,[],0
2011-06-30 00:00:00,[],0
2011-07-01 00:00:00,[],0
2011-07-04 00:00:00,[],0
2011-07-05 00:00:00,[],0
2011-07-06 00:00:00,[],0
2011-07-07 00:00:00,[],0
2011-07-08 00:00:00,[],0
2011-07-11 00:00:00,[],0
2011-07-12 00:00:00,[],0
2011-07-13 00:00:00,[],0
2011-07-14 00:00:00,[],0
2011-07-15 00:00:00,[],0
2011-07-18 00:00:00,[],0
2011-07-19 00:00:00,[],0
2011-07-20 00:00:00,[],0
2011-07-21 00:00:00,[],0
2011-07-22 00:00:00,[],0
2011-07-25 00:00:00,[],0
2011-07-26 00:00:00,[],0
2011-07-27 00:00:00,[],0
2011-07-28 00:00:00,[],0
2011-07-29 00:00:00,[],0
2011-08-01 00:00:00,[],0
2011-08-02 00:00:00,[],0
2011-08-03 00:00:00,[],0
2011-08-04 00:00:00,[],0
2011-08-05 00:00:00,[],0
2011-08-08 00:00:00,[],0
2011-08-09 00:00:00,[],0
2011-08-10 00:00:00,[],0
2011-08-11 00:00:00,[],0
2011-08-12 00:00:00,[],0
2011-08-15 00:00:00,[],0
2011-08-16 00:00:00,[],0
2011-08-17 00:00:00,[],0
2011-08-18 00:00:00,[],0
2011-08-19 00:00:00,[],0
2011-08-22 00:00:00,[],0
2011-08-23 00:00:00,[],0
2011-08-24 00:00:00,[],0
2011-08-25 00:00:00,[],0
2011-08-26 00:00:00,[],0
2011-08-29 00:00:00,[],0
2011-08-30 00:00:00,[],0
2011-08-31 00:00:00,[],0
2011-09-01 00:00:00,[],0
2011-09-02 00:00:00,[],0
2011-09-05 00:00:00,[],0
2011-09-06 00:00:00,[],0
2011-09-07 00:00:00,[],0
2011-09-08 00:00:00,[],0
2011-09-09 00:00:00,[],0
2011-09-13 00:00:00,[],0
2011-09-14 00:00:00,[],0
2011-09-15 00:00:00,[],0
2011-09-16 00:00:00,[],0
2011-09-19 00:00:00,[],0
2011-09-20 00:00:00,[],0
2011-09-21 00:00:00,[],0
2011-09-22 00:00:00,[],0
2011-09-23 00:00:00,[],0
2011-09-26 00:00:00,[],0
2011-09-27 00:00:00,[],0
2011-09-28 00:00:00,[],0
2011-09-29 00:00:00,[],0
2011-09-30 00:00:00,[],0
2011-10-03 00:00:00,[],0
2011-10-04 00:00:00,[],0
2011-10-05 00:00:00,[],0
2011-10-06 00:00:00,[],0
2011-10-07 00:00:00,[],0
2011-10-11 00:00:00,[],0
2011-10-12 00:00:00,[],0
2011-10-13 00:00:00,[],0
2011-10-14 00:00:00,[],0
2011-10-17 00:00:00,[],0
2011-10-18 00:00:00,[],0
2011-10-19 00:00:00,[],0
2011-10-20 00:00:00,[],0
2011-10-21 00:00:00,[],0
2011-10-24 00:00:00,[],0
2011-10-25 00:00:00,[],0
2011-10-26 00:00:00,[],0
2011-10-27 00:00:00,[],0
2011-10-28 00:00:00,[],0
2011-10-31 00:00:00,[],0
2011-11-01 00:00:00,[],0
2011-11-02 00:00:00,[],0
2011-11-03 00:00:00,[],0
2011-11-04 00:00:00,[],0
2011-11-07 00:00:00,[],0
2011-11-08 00:00:00,[],0
2011-11-09 00:00:00,[],0
2011-11-10 00:00:00,[],0
2011-11-11 00:00:00,[],0
2011-11-14 00:00:00,[],0
2011-11-15 00:00:00,[],0
2011-11-16 00:00:00,[],0
2011-11-17 00:00:00,[],0
2011-11-18 00:00:00,[],0
2011-11-21 00:00:00,[],0
2011-11-22 00:00:00,[],0
2011-11-23 00:00:00,[],0
2011-11-24 00:00:00,[],0
2011-11-25 00:00:00,[],0
2011-11-28 00:00:00,[],0
2011-11-29 00:00:00,[],0
2011-11-30 00:00:00,[],0
2011-12-01 00:00:00,[],0
2011-12-02 00:00:00,[],0
2011-12-05 00:00:00,[],0
2011-12-06 00:00:00,[],0
2011-12-07 00:00:00,[],0
2011-12-08 00:00:00,[],0
2011-12-09 00:00:00,[],0
2011-12-12 00:00:00,[],0
2011-12-13 00:00:00,[],0
2011-12-14 00:00:00,[],0
2011-12-15 00:00:00,[],0
2011-12-16 00:00:00,[],0
2011-12-19 00:00:00,[],0
2011-12-20 00:00:00,[],0
2011-12-21 00:00:00,[],0
2011-12-22 00:00:00,[],0
2011-12-23 00:00:00,[],0
2011-12-26 00:00:00,[],0
2011-12-27 00:00:00,[],0
2011-12-28 00:00:00,[],0
2011-12-29 00:00:00,[],0
2011-12-30 00:00:00,[],0
2012-01-02 00:00:00,[],0
2012-01-03 00:00:00,[],0
2012-01-04 00:00:00,[],0
2012-01-05 00:00:00,[],0
2012-01-06 00:00:00,[],0
2012-01-09 00:00:00,[],0
2012-01-10 00:00:00,[],0
2012-01-11 00:00:00,[],0
2012-01-12 00:00:00,[],0
2012-01-13 00:00:00,[],0
2012-01-16 00:00:00,[],0
2012-01-17 00:00:00,[],0
2012-01-18 00:00:00,[],0
2012-01-30 00:00:00,[],0
2012-01-31 00:00:00,[],0
2012-02-01 00:00:00,[],0
2012-02-02 00:00:00,[],0
2012-02-03 00:00:00,[],0
2012-02-06 00:00:00,[],0
2012-02-07 00:00:00,[],0
2012-02-08 00:00:00,[],0
2012-02-09 00:00:00,[],0
2012-02-10 00:00:00,[],0
2012-02-13 00:00:00,[],0
2012-02-14 00:00:00,[],0
2012-02-15 00:00:00,[],0
2012-02-16 00:00:00,[],0
2012-02-17 00:00:00,[],0
2012-02-20 00:00:00,[],0
2012-02-21 00:00:00,[],0
2012-02-22 00:00:00,[],0
2012-02-23 00:00:00,[],0
2012-02-24 00:00:00,[],0
2012-02-29 00:00:00,[],0
2012-03-01 00:00:00,[],0
2012-03-02 00:00:00,[],0
2012-03-05 00:00:00,[],0
2012-03-06 00:00:00,[],0
2012-03-07 00:00:00,[],0
2012-03-08 00:00:00,[],0
2012-03-09 00:00:00,[],0
2012-03-12 00:00:00,[],0
2012-03-13 00:00:00,[],0
2012-03-14 00:00:00,[],0
2012-03-15 00:00:00,[],0
2012-03-16 00:00:00,[],0
2012-03-19 00:00:00,[],0
2012-03-20 00:00:00,[],0
2012-03-21 00:00:00,[],0
2012-03-22 00:00:00,[],0
2012-03-23 00:00:00,[],0
2012-03-26 00:00:00,[],0
2012-03-27 00:00:00,[],0
2012-03-28 00:00:00,[],0
2012-03-29 00:00:00,[],0
2012-03-30 00:00:00,[],0
2012-04-02 00:00:00,[],0
2012-04-03 00:00:00,[],0
2012-04-05 00:00:00,[],0
2012-04-06 00:00:00,[],0
2012-04-09 00:00:00,[],0
2012-04-10 00:00:00,[],0
2012-04-11 00:00:00,[],0
2012-04-12 00:00:00,[],0
2012-04-13 00:00:00,[],0
2012-04-16 00:00:00,[],0
2012-04-17 00:00:00,[],0
2012-04-18 00:00:00,[],0
2012-04-19 00:00:00,[],0
2012-04-20 00:00:00,[],0
2012-04-23 00:00:00,[],0
2012-04-24 00:00:00,[],0
2012-04-25 00:00:00,[],0
2012-04-26 00:00:00,[],0
2012-04-27 00:00:00,[],0
2012-04-30 00:00:00,[],0
2012-05-02 00:00:00,[],0
2012-05-03 00:00:00,[],0
2012-05-04 00:00:00,[],0
2012-05-07 00:00:00,[],0
2012-05-08 00:00:00,[],0
2012-05-09 00:00:00,[],0
2012-05-10 00:00:00,[],0
2012-05-11 00:00:00,[],0
2012-05-14 00:00:00,[],0
2012-05-15 00:00:00,[],0
2012-05-16 00:00:00,[],0
2012-05-17 00:00:00,[],0
2012-05-18 00:00:00,[],0
2012-05-21 00:00:00,[],0
2012-05-22 00:00:00,[],0
2012-05-23 00:00:00,[],0
2012-05-24 00:00:00,[],0
2012-05-25 00:00:00,[],0
2012-05-28 00:00:00,[],0
2012-05-29 00:00:00,[],0
2012-05-30 00:00:00,[],0
2012-05-31 00:00:00,[],0
2012-06-01 00:00:00,[],0
2012-06-04 00:00:00,[],0
2012-06-05 00:00:00,[],0
2012-06-06 00:00:00,[],0
2012-06-07 00:00:00,[],0
2012-06-08 00:00:00,[],0
2012-06-11 00:00:00,[],0
2012-06-12 00:00:00,[],0
2012-06-13 00:00:00,[],0
2012-06-14 00:00:00,[],0
2012-06-15 00:00:00,[],0
2012-06-18 00:00:00,[],0
2012-06-19 00:00:00,[],0
2012-06-20 00:00:00,[],0
2012-06-21 00:00:00,[],0
2012-06-22 00:00:00,[],0
2012-06-25 00:00:00,[],0
2012-06-26 00:00:00,[],0
2012-06-27 00:00:00,[],0
2012-06-28 00:00:00,[],0
2012-06-29 00:00:00,[],0
2012-07-02 00:00:00,[],0
2012-07-03 00:00:00,[],0
2012-07-04 00:00:00,[],0
2012-07-05 00:00:00,[],0
2012-07-06 00:00:00,[],0
2012-07-09 00:00:00,[],0
2012-07-10 00:00:00,[],0
2012-07-11 00:00:00,[],0
2012-07-12 00:00:00,[],0
2012-07-13 00:00:00,[],0
2012-07-16 00:00:00,[],0
2012-07-17 00:00:00,[],0
2012-07-18 00:00:00,[],0
2012-07-19 00:00:00,[],0
2012-07-20 00:00:00,[],0
2012-07-23 00:00:00,[],0
2012-07-24 00:00:00,[],0
2012-07-25 00:00:00,[],0
2012-07-26 00:00:00,[],0
2012-07-27 00:00:00,[],0
2012-07-30 00:00:00,[],0
2012-07-31 00:00:00,[],0
2012-08-01 00:00:00,[],0
2012-08-02 00:00:00,[],0
2012-08-03 00:00:00,[],0
2012-08-06 00:00:00,[],0
2012-08-07 00:00:00,[],0
2012-08-08 00:00:00,[],0
2012-08-09 00:00:00,[],0
2012-08-10 00:00:00,[],0
2012-08-13 00:00:00,[],0
2012-08-14 00:00:00,[],0
2012-08-15 00:00:00,[],0
2012-08-16 00:00:00,[],0
2012-08-17 00:00:00,[],0
2012-08-20 00:00:00,[],0
2012-08-21 00:00:00,[],0
2012-08-22 00:00:00,[],0
2012-08-23 00:00:00,[],0
2012-08-24 00:00:00,[],0
2012-08-27 00:00:00,[],0
2012-08-28 00:00:00,[],0
2012-08-29 00:00:00,[],0
2012-08-30 00:00:00,[],0
2012-08-31 00:00:00,[],0
2012-09-03 00:00:00,[],0
2012-09-04 00:00:00,[],0
2012-09-05 00:00:00,[],0
2012-09-06 00:00:00,[],0
2012-09-07 00:00:00,[],0
2012-09-10 00:00:00,[],0
2012-09-11 00:00:00,[],0
2012-09-12 00:00:00,[],0
2012-09-13 00:00:00,[],0
2012-09-14 00:00:00,[],0
2012-09-17 00:00:00,[],0
2012-09-18 00:00:00,[],0
2012-09-19 00:00:00,[],0
2012-09-20 00:00:00,[],0
2012-09-21 00:00:00,[],0
2012-09-24 00:00:00,[],0
2012-09-25 00:00:00,[],0
2012-09-26 00:00:00,[],0
2012-09-27 00:00:00,[],0
2012-09-28 00:00:00,[],0
2012-10-01 00:00:00,[],0
2012-10-02 00:00:00,[],0
2012-10-03 00:00:00,[],0
2012-10-04 00:00:00,[],0
2012-10-05 00:00:00,[],0
2012-10-08 00:00:00,[],0
2012-10-09 00:00:00,[],0
2012-10-11 00:00:00,[],0
2012-10-12 00:00:00,[],0
2012-10-15 00:00:00,[],0
2012-10-16 00:00:00,[],0
2012-10-17 00:00:00,[],0
2012-10-18 00:00:00,[],0
2012-10-19 00:00:00,[],0
2012-10-22 00:00:00,[],0
2012-10-23 00:00:00,[],0
2012-10-24 00:00:00,[],0
2012-10-25 00:00:00,[],0
2012-10-26 00:00:00,[],0
2012-10-29 00:00:00,[],0
2012-10-30 00:00:00,[],0
2012-10-31 00:00:00,[],0
2012-11-01 00:00:00,[],0
2012-11-02 00:00:00,[],0
2012-11-05 00:00:00,[],0
2012-11-06 00:00:00,[],0
2012-11-07 00:00:00,[],0
2012-11-08 00:00:00,[],0
2012-11-09 00:00:00,[],0
2012-11-12 00:00:00,[],0
2012-11-13 00:00:00,[],0
2012-11-14 00:00:00,[],0
2012-11-15 00:00:00,[],0
2012-11-16 00:00:00,[],0
2012-11-19 00:00:00,[],0
2012-11-20 00:00:00,[],0
2012-11-21 00:00:00,[],0
2012-11-22 00:00:00,[],0
2012-11-23 00:00:00,[],0
2012-11-26 00:00:00,[],0
2012-11-27 00:00:00,[],0
2012-11-28 00:00:00,[],0
2012-11-29 00:00:00,[],0
2012-11-30 00:00:00,[],0
2012-12-03 00:00:00,[],0
2012-12-04 00:00:00,[],0
2012-12-05 00:00:00,[],0
2012-12-06 00:00:00,[],0
2012-12-07 00:00:00,[],0
2012-12-10 00:00:00,[],0
2012-12-11 00:00:00,[],0
2012-12-12 00:00:00,[],0
2012-12-13 00:00:00,[],0
2012-12-14 00:00:00,[],0
2012-12-17 00:00:00,[],0
2012-12-18 00:00:00,[],0
2012-12-19 00:00:00,[],0
2012-12-20 00:00:00,[],0
2012-12-21 00:00:00,[],0
2012-12-24 00:00:00,[],0
2012-12-25 00:00:00,[],0
2012-12-26 00:00:00,[],0
2012-12-27 00:00:00,[],0
2012-12-28 00:00:00,[],0
2013-01-02 00:00:00,"[""上週外資在集中市場買超133.65億元，買超台積電2.88萬張最多"", ""外資上周買超台股133.65億元 大買台積電 大賣開發金"", ""台積電受惠蘋果 28奈米產能大增 ＃蘋果A6X處理器 台積電本季試產""]",3
2013-01-03 00:00:00,"[""群益期貨台股期權盤後－美國財政懸崖前勒馬 台積電重登百元大關"", ""群益期貨台股期權盤後－美國財政懸崖前勒馬 台積電重登百元大關"", ""群益期貨台股期權盤後－美國財政懸崖前勒馬 台積電重登百元大關"", ""睽違近12年 台積電股價返百元關 ＃台積電股價風光 值逾2兆6創新高"", ""台股收高在7836點 台積電創新高成市場焦點"", ""台股盤後─台積電登百元秀！中概航空城敲邊鼓 帶量千億躍上7800"", ""台股續漲　台積電站上百元股價創新高！"", ""台股盤中─激情後驚驚漲 台積電重返百元 放量攻上7800點""]",8
2013-01-04 00:00:00,"[""各大外資最愛 台積電險守百元關 ＃不畏賣壓湧現 外資喊台積電117元""]",1
2013-01-07 00:00:00,"[""上週外資在集中市場買超15.29億元，買超台積電3.81萬張最多"", ""台股首周 外資小買15.3億元 買台積電最多 大賣中信金"", ""台股首周 外資小買15.3億元 買台積電最多 大賣中信金""]",3
2013-01-08 00:00:00,"[""台股盤後─高價電子失血軟腳！靠鴻海台積電拉尾 暫守7700""]",1
2013-01-09 00:00:00,"[""〈CES〉高通需求 台積電一手搞定！Snapdragon見證典範"", ""台股盤中—電子股回神 台積電、鴻海撐盤 挑戰中止連三黑""]",2
2013-01-10 00:00:00,"[""台積電、鴻海營收出爐　表現亮眼"", ""台積電12月營收減16% 去年Q4 1313億元跨過高標！"", ""里昂看好大立光為光學鏡頭廠「台積電」 Q2 iPhone 5S進補"", ""里昂看好大立光為光學鏡頭廠「台積電」 Q2 iPhone 5S進補""]",4
2013-01-11 00:00:00,"[""2012全美專利排名 台積電增49%躍進15名 三星仍居老二""]",1
2013-01-14 00:00:00,[],0
2013-01-15 00:00:00,"[""賣壓出籠開低走低 台股淚別7800 ＃鴻海跌逾半根停板 台積電跌幅1%""]",1
2013-01-16 00:00:00,"[""全球前12大晶圓代工廠 台積電穩居龍頭 三星擠下聯電躍居第3"", ""德意志半導體點將 行動通訊題材仍夯 首選台積電、聯發科"", ""德意志半導體點將 行動通訊題材仍夯 首選台積電、聯發科""]",3
2013-01-17 00:00:00,"[""台積電領先對手高築牆 張忠謀：28奈米是今年營運成長主力"", ""法人看好台積電今年營運優於去年　估EPS逼近7元"", ""台積電第四季凈利14億美元 同比增長32%"", ""台積電法說符預期 提防外資持股已高、蘋果訂單風險"", ""台積電法說符預期 提防外資持股已高、蘋果訂單風險"", ""台積電今年稅前淨利將遭證所稅等侵蝕14% 稅率年增6成"", ""張忠謀:台積電成長幅度高於7% 二八奈米為趨動動力"", ""市場需求強勁　台積電Q4每股賺1.61元"", ""台積電估Q1營收季減1.75% 美元計價則持平"", ""台積電去年每股賺6.42元 28奈米貢獻達22%"", ""法說會在即 內資法人:台積電營運去年第四季已落底""]",11
2013-01-18 00:00:00,"[""台積電調高稅率 外資仍信心十足 ＃看好台積電 德意志喊目標價123元"", ""台積電28奈米「印鈔機」加速 行動裝置貢獻營收將逾3成"", ""台積電法說後 外資多按讚、目標價上看百元 美林獨保守看待"", ""台積電法說後 外資多按讚、目標價上看百元 美林獨保守看待""]",4
2013-01-21 00:00:00,"[""中鋼處分台積電挹注 去年稅前EPS 0.4元 創27年來新低！"", ""LG次世代旗艦新機Q1上市 核心由台積電28奈米打造""]",2
2013-01-22 00:00:00,[],0
2013-01-23 00:00:00,"[""台股盤後—量縮高低價差僅43點 台積電尾盤點火 再守月線""]",1
2013-01-24 00:00:00,[],0
2013-01-25 00:00:00,"[""日本QE一波波 台積電也頭大了？破低尚未爆量""]",1
2013-01-28 00:00:00,"[""瑞信：半導體產業農曆年後有望反彈 青睞台積電"", ""瑞信：半導體產業農曆年後有望反彈 青睞台積電""]",2
2013-01-29 00:00:00,"[""新台幣急貶 台積電重登百元 聯電收復5日線""]",1
2013-01-30 00:00:00,[],0
2013-01-31 00:00:00,"[""台積電CIGS太陽能模組轉換效率突破15% 比美矽晶""]",1
2013-02-01 00:00:00,[],0
2013-02-04 00:00:00,[],0
2013-02-05 00:00:00,"[""台積電董事會敲定3元現金股利、817億元資本支出""]",1
2013-02-06 00:00:00,"[""台股龍年市值增1.8兆元 每位股民賺20萬元 台積電市值增最猛"", ""張忠謀：綠色行動是台積電最有價值的投資 經驗傳承、分享"", ""張忠謀：台積電成長性與景氣春燕分飛 未來4年業績都會成長"", ""永豐期貨台指選擇權盤後－台積電國泰金燃起多頭火種  指數守穩7900"", ""永豐期貨台指選擇權盤後－台積電國泰金燃起多頭火種  指數守穩7900"", ""永豐期貨台指選擇權盤後－台積電國泰金燃起多頭火種  指數守穩7900"", ""台股盤後─龍擺尾站上7900！台積電國泰金雙前鋒 封關連15紅"", ""重視綠色環保！台積電出新書 張忠謀賢伉儷今出席發表會""]",8
2013-02-18 00:00:00,[],0
2013-02-19 00:00:00,[],0
2013-02-20 00:00:00,"[""棄保效應 外資緊抽聯電銀根 追台積電一天一創高！""]",1
2013-02-21 00:00:00,"[""蘋果瀕破底價 台積電攻110元關卡暫遇阻 世界跌深2%""]",1
2013-02-22 00:00:00,"[""元宵變盤？外資轉賣超8億元 開賣台積電 台指淨多單續降"", ""元宵變盤？外資轉賣超8億元 開賣台積電 台指淨多單續降""]",2
2013-02-25 00:00:00,"[""台積電、高通率先量產推出LTE驍龍800系列處理器""]",1
2013-02-26 00:00:00,[],0
2013-02-27 00:00:00,"[""7900拉鋸 外資大換股！砍台積電換群創 台指期3月再戰..."", ""7900拉鋸 外資大換股！砍台積電換群創 台指期3月再戰..."", ""賣1支手機得7美元 彭博無風險報酬率排名 台積電勇奪冠軍"", ""歐美股漲跌互見 台股觀望量能縮 ＃台積電買氣旺 領台股吹反攻號角""]",4
2013-03-01 00:00:00,"[""傳砸百億日本設廠？台積電澄清傳言 持續加碼台灣不變""]",1
2013-03-04 00:00:00,"[""上週外資在集中市場賣超8.11億元，賣超台積電4.27萬張最多""]",1
2013-03-05 00:00:00,[],0
2013-03-06 00:00:00,[],0
2013-03-07 00:00:00,[],0
2013-03-08 00:00:00,[],0
2013-03-11 00:00:00,[],0
2013-03-12 00:00:00,"[""石門水庫將限水 立委憂搶水大戰爆發 建議參考台積電經驗""]",1
2013-03-13 00:00:00,"[""台股盤後─護台積電VS.空襲台塑！測月線縮腳 闖8000關又敗陣""]",1
2013-03-14 00:00:00,"[""傳台積電代工蘋果A7晶片將進入生產階段 明年Q1開始商業製造"", ""三星Galaxy S4來了！台積電天險下橫盤第12天""]",2
2013-03-15 00:00:00,"[""英特爾悄然發力晶片代工：台積電成攔路虎""]",1
2013-03-18 00:00:00,"[""護國重臣台積電摜破季線 蛇年首場100元保衛戰開打""]",1
2013-03-19 00:00:00,"[""創意發表新類比數位資料轉換器 已獲台積電28奈米製程驗證"", ""Panasonic傳出售手機事業 宏達電/台積電為潛在買家""]",2
2013-03-20 00:00:00,"[""摜壓結算！外資倒貨136億元大砍台積電 但台指期新倉翻多..."", ""摜壓結算！外資倒貨136億元大砍台積電 但台指期新倉翻多..."", ""賀喜能源攜手台積電 搶下內政部4萬盞路燈標案"", ""倫元投顧盤後－台積電破百,台股失守季線危機現"", ""倫元投顧盤後－台積電破百,台股失守季線危機現""]",5
2013-03-21 00:00:00,"[""輝達拉緊台積電合作 挺進20奈米"", ""台積電止跌往百元回升　有助盤勢回穩""]",2
2013-03-22 00:00:00,"[""台積電張忠謀：薄膜太陽能未就緒 LED春暖花開！"", ""三星滅台論？台積電張忠謀：我們一直嚴陣以待！""]",2
2013-03-25 00:00:00,"[""台積電與英商合作研發16奈米製程"", ""外資上周賣超台股356億元 大賣台積電13.64萬張"", ""上週外資在集中市場賣超356.73億元，賣超台積電13.64萬張最多""]",3
2013-03-26 00:00:00,"[""上週外資大賣356.73億　賣超台積電13.64萬張最多""]",1
2013-03-27 00:00:00,"[""台積電員工分紅 豪發111億現金"", ""台積電疏散避震 幸無險恢復營運"", ""群益期貨台股期權盤後－台積電買盤回籠 台股挑戰缺口下緣"", ""群益期貨台股期權盤後－台積電買盤回籠 台股挑戰缺口下緣"", ""群益期貨台股期權盤後－台積電買盤回籠 台股挑戰缺口下緣"", ""台股盤後─地牛翻身阻攻7900！台積電拉尾 日K連11黑後首紅"", ""台積電強震重返百元俱樂部  聯電估在可容忍範圍內！"", ""台積電重返百元！設備股喊「讚」 漢微科衝漲4%最多""]",8
2013-03-28 00:00:00,[],0
2013-03-29 00:00:00,[],0
2013-04-01 00:00:00,"[""蘋果或選台積電為晶片供應商：與三星漸行漸遠"", ""韓媒透露：三星尚未接獲iPhone 6晶片訂單 或遭台積電打包""]",2
2013-04-02 00:00:00,"[""電子小漲拉抬 台股收復7900大關 ＃金銀三會達共識 金控股普遍收黑 ＃台積電下挫0.5% 驚險守住百元關"", ""台積電首件16奈米製程Cortex-A57處理器設計定案"", ""國光搶攻50億美元抗凝血劑市場 詹啟賢：要當生技界台積電！""]",3
2013-04-03 00:00:00,[],0
2013-04-08 00:00:00,[],0
2013-04-09 00:00:00,"[""國安基金開會前 台積電摜破蛇年低點 外資2天甩賣3.9萬張"", ""〈權證〉觀望南北韓局勢 多方擁宏達電、台積電和鴻海力求穩盤"", ""群益期貨台股期權盤後－台積電接近半年線 台股量縮持續下探"", ""群益期貨台股期權盤後－台積電接近半年線 台股量縮持續下探"", ""群益期貨台股期權盤後－台積電接近半年線 台股量縮持續下探""]",5
2013-04-10 00:00:00,"[""新台幣見到3字頭 台積電Q1營收季增1.1%超標 聯電淡季不淡""]",1
2013-04-11 00:00:00,"[""蘋果「去三星」台積電喜接A7訂單 ＃20奈米進軍蘋果營?台積電口風緊 ＃搶攻處理器代工 三星攜高通反撲"", ""台股盤後─國安不進場免驚！台積電喊衝 大漲百點攻7855點雙壓"", ""巴克萊略降台積電Q2營收增幅；法說會擬提4問"", ""蘋果、台積電哥倆好！傳三星爭A7訂單慘吃閉門羹""]",4
2013-04-12 00:00:00,[],0
2013-04-15 00:00:00,"[""研發經費排名 冠軍台積電 亞軍宏達電 聯發科第三""]",1
2013-04-16 00:00:00,[],0
2013-04-17 00:00:00,"[""大和：28nm蘋果A7單台積電沒份 20nm才吃到""]",1
2013-04-18 00:00:00,"[""莫驚恐！陳奕光：明日看台積電 先拚周線翻紅 520行情仍可期"", ""莫驚恐！陳奕光：明日看台積電 先拚周線翻紅 520行情仍可期"", ""台積電今年成長高於10%  宣佈調高資本支出"", ""最新 台積電資本支出 上修至100億美元"", ""台積電Q1好成績　第二季將持續攀高"", ""台積電資本支出續升佈先進製程，台設備廠同樂"", ""台積電Q1每股賺1.53元"", ""台積電法說+外資看好！漢微科第3度搶下台股股王"", ""張忠謀：台積電今年資本支出上調至2837億元 增逾5%再創新高"", ""台積電估Q2營收季增17.5% 28奈米推升毛利率增逾3%"", ""台積電Q1 EPS 1.53元 符合預期 28奈米占比達24%""]",11
2013-04-19 00:00:00,"[""台積電漲停 權證交投熱絡 留意是否價格偏離"", ""台積電漲停 權證交投熱絡 留意是否價格偏離"", ""台積電引爆外資認錯行情！大買72億元 台指期多頭火力更猛..."", ""台積電引爆外資認錯行情！大買72億元 台指期多頭火力更猛..."", ""台股本周市值增3167億元 台積電貢獻近半"", ""〈權證〉多方賺翻！台積電5成認購飆漲100% 漲幅最高達9倍"", ""〈期指〉台積電期連2月份合約爆量漲停 封測期貨受「積」勵"", ""倫元投顧盤後－台積電漲停有氣勢，台股利空不跌反轉多"", ""倫元投顧盤後－台積電漲停有氣勢，台股利空不跌反轉多"", ""華信投顧盤後－台積電帶動電子股展開反彈"", ""華信投顧盤後－台積電帶動電子股展開反彈"", ""台積電漲停真夠力！貢獻台股70點 4檔個股期貨跟著飛天"", ""〈權證〉「積」樂！台積電認購比重躍至8成 半導體族群也話燒！"", ""〈權證〉「積」樂！台積電認購比重躍至8成 半導體族群也話燒！"", ""群益期貨台股期權盤後－台積電發威站上百元 台股一吐怨氣破反壓"", ""群益期貨台股期權盤後－台積電發威站上百元 台股一吐怨氣破反壓"", ""群益期貨台股期權盤後－台積電發威站上百元 台股一吐怨氣破反壓"", ""永豐期貨台指選擇權盤後－台積電領軍 台股大漲139點"", ""永豐期貨台指選擇權盤後－台積電領軍 台股大漲139點"", ""永豐期貨台指選擇權盤後－台積電領軍 台股大漲139點"", ""乾景投顧盤後分析－台積電法說會釋利多 隻手扭轉台股劣勢"", ""乾景投顧盤後分析－台積電法說會釋利多 隻手扭轉台股劣勢"", ""台積電飆漲停　台股爆漲139點"", ""台股盤後─台積電漲停衝悶鍋！跳空過4線 大漲139點 周線黑翻紅"", ""營運理想台積電漲停鎖住　激勵台股大漲"", ""台積電展望優獲外資按讚力挺 德意志喊到134元""]",26
2013-04-22 00:00:00,"[""攻8000關留伏筆 台積電套牢區首攻垂成 ADR套利續縮水"", ""台積電主帥續攻 量縮8千關前情怯 ＃川震重建概念股夯 水泥.鋼鐵看漲"", ""台股盤後─台積電登高搖旗 多頭8000關前不敢追！"", ""台積電續漲　法人評估股價可望上看110""]",4
2013-04-23 00:00:00,"[""台積電喊10奈米量產 力拚英特爾 ＃台積電虎視耽耽 猛追英特爾差距"", ""台積電拉回衝擊盤勢　台股跌27作收"", ""強攻白色LED 東芝收購台積電轉投資公司普瑞相關資產"", ""台積電帶頭旺 美銀美林：安心布局半導體 投資首選台積、聯發科、日月光""]",4
2013-04-24 00:00:00,"[""台積電擬將手機半導體能擴大3倍""]",1
2013-04-25 00:00:00,"[""台積電營運破表 公司全上緊發條"", ""群益期貨台股期權盤後－台積電拉尾盤 台股短多仍在"", ""群益期貨台股期權盤後－台積電拉尾盤 台股短多仍在"", ""群益期貨台股期權盤後－台積電拉尾盤 台股短多仍在"", ""台股盤後─H7N9免驚？跌「1點」就好！台積電拉尾 力挺8000關""]",5
2013-04-26 00:00:00,"[""倫元投顧盤後－上週台積電本週大立光法說反軋，外資你再賣呀！"", ""倫元投顧盤後－上週台積電本週大立光法說反軋，外資你再賣呀！"", ""全球晶圓代工總值去年增16.2% 台積電穩居龍頭 三星靠蘋果倍增""]",3
2013-04-29 00:00:00,"[""上週外資在集中市場買超172.69億元，買超台積電4.18萬張最多"", ""外資上周買超台股173億元 再大買台積電 調節鴻海6萬多張""]",2
2013-04-30 00:00:00,[],0
2013-05-02 00:00:00,"[""永豐期貨台指選擇權盤後－台積電領軍電子續強 大盤指數續創波段新高"", ""永豐期貨台指選擇權盤後－台積電領軍電子續強 大盤指數續創波段新高"", ""永豐期貨台指選擇權盤後－台積電領軍電子續強 大盤指數續創波段新高""]",3
2013-05-03 00:00:00,"[""〈投資情報周刊〉台積電領頭穩八千 IC設計接力挑大樑""]",1
2013-05-06 00:00:00,"[""電子衝金融挫 台股挑戰8200失利 ＃大立光營收佳 台積電.鴻海閃紅光""]",1
2013-05-07 00:00:00,"[""電子股休息僅台積電撐盤　台股收平盤""]",1
2013-05-08 00:00:00,"[""台積電收114.5元  改寫新高"", ""台積電盤中攻抵114.5元再創新高""]",2
2013-05-09 00:00:00,[],0
2013-05-10 00:00:00,"[""台積電 102年4月營收500.71億、年增23.50%"", ""台積電4月營收增13.5% 突破500億元創新高""]",2
2013-05-13 00:00:00,"[""巴克萊調升台灣半導體指數 首選台積電3檔"", ""巴克萊調升台灣半導體指數 首選台積電3檔""]",2
2013-05-14 00:00:00,"[""台積電董事會核准逾1460億元資本預算、募集450億元公司債"", ""台積電Q1營收成長 躍登全球第2大""]",2
2013-05-15 00:00:00,[],0
2013-05-16 00:00:00,[],0
2013-05-17 00:00:00,[],0
2013-05-20 00:00:00,[],0
2013-05-21 00:00:00,[],0
2013-05-22 00:00:00,[],0
2013-05-23 00:00:00,"[""台股跳水跌逾百點 QE雜音引殺機 台積電急挫半根停板測月線""]",1
2013-05-24 00:00:00,"[""永豐期貨台指選擇權盤後－台積電大立光力挺 指數在此稍稍止跌"", ""永豐期貨台指選擇權盤後－台積電大立光力挺 指數在此稍稍止跌"", ""永豐期貨台指選擇權盤後－台積電大立光力挺 指數在此稍稍止跌"", ""台股急殺測8170點 台積電天險下一度收復前波大量支撐""]",4
2013-05-27 00:00:00,"[""台積電、台達電等獲綠色工廠標章8企業 每年節省8.3億元"", ""台股盤中－股王爭霸續攻 台積電放電 凹洞量沒在怕重登月線""]",2
2013-05-28 00:00:00,"[""國家訓練品質獎 大型企業台積電、台虹等入圍決審名單""]",1
2013-05-29 00:00:00,"[""賽靈思採用台積電16奈米製程 首款產品明年問市"", ""永豐期貨台指選擇權盤後－台積電鴻海帶動下 指數站回8300"", ""永豐期貨台指選擇權盤後－台積電鴻海帶動下 指數站回8300"", ""永豐期貨台指選擇權盤後－台積電鴻海帶動下 指數站回8300""]",4
2013-05-30 00:00:00,"[""最新 2013企業TOP5000 台積電最會賺 ＃鴻海穩坐規模最大 長虹績效最佳""]",1
2013-05-31 00:00:00,[],0
2013-06-03 00:00:00,"[""亞洲科技100強 台積電強壓三星 亞洲奪冠""]",1
2013-06-04 00:00:00,[],0
2013-06-05 00:00:00,[],0
2013-06-06 00:00:00,[],0
2013-06-07 00:00:00,[],0
2013-06-10 00:00:00,"[""台積電5月營收517億元創新高 月增3.4%""]",1
2013-06-11 00:00:00,"[""台積電股價委屈？張忠謀：失言！看重基本面不應評論"", ""台積電今年業績再創新高  股東會決議配三元股利"", ""台積電張忠謀：16奈米量產加速 打造OIP大聯盟！""]",3
2013-06-13 00:00:00,[],0
2013-06-14 00:00:00,[],0
2013-06-17 00:00:00,"[""外資上周賣台股256.51億元 大賣鴻海、台積電""]",1
2013-06-18 00:00:00,"[""台積電CIGS模組轉換效率達15.7%""]",1
2013-06-19 00:00:00,[],0
2013-06-20 00:00:00,[],0
2013-06-21 00:00:00,"[""反三星聯盟成形，台積電蔡力行出任宏達電董事"", ""巴克萊：Android智慧機IC今年全球占比逾75% 類股首選台積電3檔"", ""巴克萊：Android智慧機IC今年全球占比逾75% 類股首選台積電3檔""]",3
2013-06-24 00:00:00,"[""消息稱台積電與蘋果達成3年協議 代工A系列晶片""]",1
2013-06-25 00:00:00,[],0
2013-06-26 00:00:00,[],0
2013-06-27 00:00:00,[],0
2013-06-28 00:00:00,[],0
2013-07-01 00:00:00,"[""台積電終於取得蘋果晶片訂單！但蘋果明年仍仰賴三星""]",1
2013-07-02 00:00:00,"[""台積電等8檔個股明除權息 指數開盤蒸發29點"", ""台積電等8檔個股明除權息 指數開盤蒸發29點""]",2
2013-07-03 00:00:00,"[""金融股慘跌、台積電貼息　台股重挫104點"", ""受大盤拖累　台積電貼息"", ""乾景投顧盤後分析－台積電填息不順 除權息行情恐落空"", ""乾景投顧盤後分析－台積電填息不順 除權息行情恐落空"", ""台積電貼息　盤勢也受到壓抑""]",5
2013-07-04 00:00:00,"[""葉匡時勉勵中華電成立新創公司 就像台積電從工研院獨立""]",1
2013-07-05 00:00:00,"[""日半導體設備營收今年增10%！業者：感謝台積電"", ""永豐期貨台指選擇權盤後－台積電填權秀 指數開高走高"", ""永豐期貨台指選擇權盤後－台積電填權秀 指數開高走高"", ""永豐期貨台指選擇權盤後－台積電填權秀 指數開高走高"", ""台積電回神拚完全填息 貢獻台股N字重回8000關""]",5
2013-07-08 00:00:00,[],0
2013-07-09 00:00:00,[],0
2013-07-10 00:00:00,"[""台積電6月銷售額18億美元 同比增長24%"", ""台積電6月營收創新高 Q2營收1558億元逼近財測高標"", ""台股衝8000關 電子「拉拉隊」 台積電6月營收出爐前失月線""]",3
2013-07-11 00:00:00,"[""〈權證〉認購力拱 大立光、台積電和鴻海多方成交額翻倍增！"", ""比貢獻 台股收盤大漲167點 台塑四寶加起來還不及台積電""]",2
2013-07-12 00:00:00,"[""台積電撐住填息 法說看Q3業績能否季增1成抗稅增壓力"", ""台股盤後─台灣50跳投得分 台積電完全填息 8200過關""]",2
2013-07-15 00:00:00,[],0
2013-07-16 00:00:00,[],0
2013-07-17 00:00:00,[],0
2013-07-18 00:00:00,"[""台積電聲明：南科用地與大埔拒絕拆遷四住戶位置毫無關聯"", ""台積電Q4業績將下滑個位數 張忠謀：庫存修正非基本面問題！"", ""台積電發布第二季度財報：凈利同比增長24%"", ""台積電Q２營收創高 估Q3再成長"", ""台積電估Q3營收季增5.2% 毛利率季減2個百分點內"", ""台積電Q2 EPS 2元 符合預期 28奈米占比29%"", ""台積電法說前 世界先進跳水跌停 聯電撐住平盤""]",7
2013-07-19 00:00:00,"[""〈權證〉認售額創1個月新高 重創雙巨頭台積電、大立光"", ""外資賣超24億元 台積電遭提款逾50億元 台指空軍發召集令!"", ""外資賣超24億元 台積電遭提款逾50億元 台指空軍發召集令!"", ""台股市值跌破23兆元 台積電單周縮水3059億元"", ""群益期貨台股期權盤後－台積電大立光重挫 台股遭空軍空襲"", ""群益期貨台股期權盤後－台積電大立光重挫 台股遭空軍空襲"", ""群益期貨台股期權盤後－台積電大立光重挫 台股遭空軍空襲"", ""永豐期貨台指選擇權盤後－台積電08年後首次跌停 8000大關失守"", ""永豐期貨台指選擇權盤後－台積電08年後首次跌停 8000大關失守"", ""永豐期貨台指選擇權盤後－台積電08年後首次跌停 8000大關失守"", ""台股盤後─台積電大立光雙趴 電子大逃殺！千億長黑重挫132點破季線"", ""成長能動有雜音　台積電跌停板鎖住"", ""台積電股價重摔 IC設計、封測股也遇壓 族群成重災區"", ""張忠謀交棒老實說 台積電罕見鎖住跌停 逾1.7萬張委賣高掛"", ""台股盤中─台積電爆量跌停 電子高價股跟趴 季線棄守"", ""台股殺逾百點測8080點 電子大斷電 台積電、世界雙雙跌停"", ""台股殺逾百點測8080點 電子大斷電 台積電、世界雙雙跌停"", ""〈權證〉台積電帶頭殺盤 早盤認售成交額創高 高價電子同挫！"", ""台積電打噴嚏 設備股傷風 漢微科重挫退守800元""]",19
2013-07-22 00:00:00,[],0
2013-07-23 00:00:00,[],0
2013-07-24 00:00:00,"[""市場過度解讀！麥格理/高盛維持台積電評等不變"", ""台積電上漲領軍！漢微科穩居股王寶座 重返900元"", ""台積電CIGS太陽能模組量產良率達95% 產能全開800MW""]",3
2013-07-25 00:00:00,[],0
2013-07-26 00:00:00,[],0
2013-07-29 00:00:00,"[""季月線一次破！外資hold不住？開賣台積電 買超降至13億元"", ""季月線一次破！外資hold不住？開賣台積電 買超降至13億元""]",2
2013-07-30 00:00:00,[],0
2013-07-31 00:00:00,"[""台積電在紐約徵才！分析師：為美國設廠生產蘋果晶片做準備""]",1
2013-08-01 00:00:00,[],0
2013-08-02 00:00:00,[],0
2013-08-05 00:00:00,"[""消息稱高通擬轉移部分台積電處理器訂單""]",1
2013-08-06 00:00:00,"[""〈權證〉電子兩樣情！可成、華碩和台積電重拾多方人氣"", ""台股盤中─台積電跌破百元 多頭主帥失勢 大盤下跌百點""]",2
2013-08-07 00:00:00,"[""電子旺季到 高盛證喊買台積電、鴻海、矽品 捨和泰車、南亞"", ""電子旺季到 高盛證喊買台積電、鴻海、矽品 捨和泰車、南亞""]",2
2013-08-08 00:00:00,[],0
2013-08-09 00:00:00,"[""台積電7月營收減3.6% 精材不納合併財報減0.6%"", ""台股盤中—外資站空方 台積電、宏達電無力撐盤 跌破7900點""]",2
2013-08-12 00:00:00,"[""上週外資在集中市場賣超353.45億元，賣超台積電9.22萬張最多""]",1
2013-08-13 00:00:00,"[""台積電董事會核准585億預算 擴充升級先進製程產能、研發""]",1
2013-08-14 00:00:00,[],0
2013-08-15 00:00:00,"[""紅米機大賣動能挹注，高盛對台積電喊買進""]",1
2013-08-16 00:00:00,[],0
2013-08-19 00:00:00,"[""上週外資在集中市場賣超57.62億元，賣超台積電5.52萬張最多"", ""外資上周小賣57.62億元 賣超台積電、聯電最多""]",2
2013-08-20 00:00:00,[],0
2013-08-22 00:00:00,"[""台股摜破年線加速趕底 台積電破底 4類概念股點火"", ""台股摜破年線加速趕底 台積電破底 4類概念股點火""]",2
2013-08-23 00:00:00,"[""群益期貨台股期權盤後－台積電漲幅逾2% 台股仍受制於均線"", ""群益期貨台股期權盤後－台積電漲幅逾2% 台股仍受制於均線"", ""群益期貨台股期權盤後－台積電漲幅逾2% 台股仍受制於均線"", ""永豐期貨台指選擇權盤後－台積電逆襲 台股重回五日線"", ""永豐期貨台指選擇權盤後－台積電逆襲 台股重回五日線"", ""永豐期貨台指選擇權盤後－台積電逆襲 台股重回五日線"", ""台股盤後─台積電獨家掩護台股貢獻23.2點 唯仍未具強彈格局"", ""台股收復江宜樺防線 台積電回神 再拚周線收紅！"", ""台股收復江宜樺防線 台積電回神 再拚周線收紅！""]",9
2013-08-26 00:00:00,"[""上市櫃公司研發經費 台積電居冠"", ""里昂證砍台積電目標價至118元   維持「買進」評等""]",2
2013-08-27 00:00:00,[],0
2013-08-28 00:00:00,"[""天下企業公民獎 台積電、台達電與光寶蟬聯前3名"", ""摩台結算前 台積電外資買盤首度回補 近月已賣30萬張"", ""電子權值股撐盤 台股翻紅守年線 ＃台積電帶頭上衝 貢獻大盤逾15點"", ""台股盤後─台積電、大立光聯手挺年線！量縮翻紅守7800 第2支腳還沒穩"", ""台股勾腳翻紅抗中東空襲 台積電一檔貢獻逾15點"", ""台股勾腳翻紅抗中東空襲 台積電一檔貢獻逾15點"", ""台股盤中─年線保衛戰 點火台積電 生技、汽車護城河""]",7
2013-08-29 00:00:00,[],0
2013-08-30 00:00:00,"[""台積電回神進入百元俱樂部 最後一盤爆1.6萬餘張"", ""不怕對手挖牆角！台積電HKMG訂單在握 麥格理喊買""]",2
2013-09-02 00:00:00,"[""群益期貨台股期權盤後－台積電繼續漲 台股看回不回"", ""群益期貨台股期權盤後－台積電繼續漲 台股看回不回"", ""群益期貨台股期權盤後－台積電繼續漲 台股看回不回"", ""永豐期貨台指選擇權盤後－台積電穩撐多方信心 指數連日四收紅守穩8000"", ""永豐期貨台指選擇權盤後－台積電穩撐多方信心 指數連日四收紅守穩8000"", ""永豐期貨台指選擇權盤後－台積電穩撐多方信心 指數連日四收紅守穩8000"", ""台股盤後─台積電扛大旗 看回不回守8000！墊高補缺口"", ""聯電/格羅方德28nm難成威脅 美林喊買台積電"", ""蘋果高通20奈米需求強！  台積電明年喜迎大單"", ""台積電領軍！設備股回神 家登、辛耘飆漲停""]",10
2013-09-03 00:00:00,[],0
2013-09-04 00:00:00,"[""美林何浩銘：台積電展望佳 宏達電手機出貨恐受壓縮"", ""美林何浩銘：台積電展望佳 宏達電手機出貨恐受壓縮""]",2
2013-09-05 00:00:00,[],0
2013-09-06 00:00:00,[],0
2013-09-09 00:00:00,[],0
2013-09-10 00:00:00,"[""台積電8月營收550.91億元 月增5.7% 再寫歷史新高""]",1
2013-09-11 00:00:00,"[""外資看台積電9月營收可望再小創高""]",1
2013-09-12 00:00:00,"[""瑞信：吃到A8 台積電明年高階手機營收拉高""]",1
2013-09-13 00:00:00,[],0
2013-09-16 00:00:00,"[""群益期貨台股期權盤後－台積電打出底部 台股重振雄風"", ""群益期貨台股期權盤後－台積電打出底部 台股重振雄風"", ""群益期貨台股期權盤後－台積電打出底部 台股重振雄風""]",3
2013-09-17 00:00:00,"[""再下一城！台積電16奈米OIP 3套參考流程確立"", ""小摩點名台積電、聯發科為亞太半導體首選""]",2
2013-09-18 00:00:00,"[""台積電獲產業領導者殊榮　創下新里程碑""]",1
2013-09-23 00:00:00,"[""美林：台積電邏輯IC市佔明年可守穩 後年再衝""]",1
2013-09-24 00:00:00,[],0
2013-09-25 00:00:00,[],0
2013-09-26 00:00:00,[],0
2013-09-27 00:00:00,"[""台積電蔣尚義階段性使命達成退休 張忠謀11月起督軍RD""]",1
2013-09-30 00:00:00,"[""台積電跌破季線 險守百元 外資追殺1.7萬餘張""]",1
2013-10-01 00:00:00,"[""力守百元關卡 台積電開盤強彈1% ＃Q3台積電市值縮水 2722億=4棟101""]",1
2013-10-02 00:00:00,[],0
2013-10-03 00:00:00,"[""台積電稱擁3大優勢，晶片產值早勝英特爾/三星"", ""台積電16奈米年底試產 超大晶圓14廠貢獻比已36%"", ""台積電上漲2%領軍！半導體設備股跟著High"", ""台積電超大晶圓14廠跨新階段 20奈米明年Q1量產""]",4
2013-10-04 00:00:00,[],0
2013-10-07 00:00:00,"[""瑞信估台積電明年底16nm設計定案將逾30個"", ""台積電獲選為全球百大創新機構之首家台灣企業""]",2
2013-10-08 00:00:00,[],0
2013-10-09 00:00:00,"[""台積電9月營收553億元再創新高 Q3財測達陣""]",1
2013-10-11 00:00:00,"[""花旗:28nm動能續弱 台積電Q4營收將減12%""]",1
2013-10-14 00:00:00,[],0
2013-10-15 00:00:00,[],0
2013-10-16 00:00:00,[],0
2013-10-17 00:00:00,"[""台積電20奈米明年Q1量產 初期高個位數貢獻"", ""張忠謀：調高今年半導體產值年增至4% 台積電成長18%"", ""台積電張忠謀：明年營運樂觀看待 資本支出與今年相當"", ""台積電估Q4營收季減約1成 毛利率減1.5%"", ""台積電Q3 EPS 2元符預期 28奈米占比32%""]",5
2013-10-18 00:00:00,"[""台積電報佳音 多檔IC設計股士氣大振衝漲停"", ""台股盤中－台積電來電 金融股失色 多頭兵臨前高""]",2
2013-10-21 00:00:00,"[""上週外資在集中市場買超233.41億元，買超台積電6.68萬張最多，另賣超大榮6.34萬張最多"", ""外資上周大買台積電 今年累計買超近2000億元"", ""台積電20/16奈米製程獲賽靈思青睞 搶攻醫療等應用""]",3
2013-10-22 00:00:00,[],0
2013-10-23 00:00:00,[],0
2013-10-24 00:00:00,[],0
2013-10-25 00:00:00,"[""永豐期貨台指選擇權盤後－台積電轉弱拖累指數 日線收黑回測月線"", ""永豐期貨台指選擇權盤後－台積電轉弱拖累指數 日線收黑回測月線"", ""永豐期貨台指選擇權盤後－台積電轉弱拖累指數 日線收黑回測月線""]",3
2013-10-28 00:00:00,"[""上週外資在集中市場買超64.15億元，買超台積電3.89萬張最多，另賣超友達7.56萬張最多"", ""證交所：上週外資買超64億　狂買台積電""]",2
2013-10-29 00:00:00,[],0
2013-10-30 00:00:00,[],0
2013-10-31 00:00:00,[],0
2013-11-01 00:00:00,"[""《天下雜誌》2013「最佳聲望標竿企業」台積電連19年奪冠""]",1
2013-11-04 00:00:00,[],0
2013-11-05 00:00:00,[],0
2013-11-06 00:00:00,[],0
2013-11-07 00:00:00,[],0
2013-11-08 00:00:00,"[""台積電10月營收減6.5% 年增3.6% 庫存修正開始""]",1
2013-11-11 00:00:00,[],0
2013-11-12 00:00:00,"[""張忠謀交棒 組織創新 台積電開啟雙執行長時代"", ""台積電執行長人選出爐　直接向張忠謀負責"", ""張忠謀卸任台積電執行長 劉德音、魏哲家出任共同執行長""]",3
2013-11-13 00:00:00,[],0
2013-11-14 00:00:00,[],0
2013-11-15 00:00:00,"[""台積電啟動特殊製程升級 搶攻手機指紋辨識"", ""張忠謀卸任台積電CEO繼續擔任董事長""]",2
2013-11-18 00:00:00,[],0
2013-11-19 00:00:00,[],0
2013-11-20 00:00:00,[],0
2013-11-21 00:00:00,"[""台股盤後─空襲警報響！大立光、台積電遭雙殺 長黑殺尾破8100"", ""台積電慘跌拖累台股跌點高達23點 台塑集團也走弱""]",2
2013-11-22 00:00:00,[],0
2013-11-25 00:00:00,"[""台積電年線下蹲第4天 MSCI權重調整生效前外資13賣"", ""上週外資在集中市場賣超209.20億元，賣超台積電10.20萬張最多，另買超台新金3.11萬張最多"", ""台股上周外資賣超209億元 賣超台積電10萬多張最多"", ""台股上周外資賣超209億元 賣超台積電10萬多張最多""]",4
2013-11-26 00:00:00,"[""台積電年線下蹲第5天 摩台結算前外資首度回補"", ""英特爾搶攻代工有3大挑戰 台積電地位難撼動"", ""台積電明年Q2營收將可強彈20%  里昂喊買""]",3
2013-11-27 00:00:00,"[""永豐期貨台指選擇權盤後－台積電帶頭指數續漲 台股跳空站回季線"", ""永豐期貨台指選擇權盤後－台積電帶頭指數續漲 台股跳空站回季線"", ""永豐期貨台指選擇權盤後－台積電帶頭指數續漲 台股跳空站回季線""]",3
2013-11-28 00:00:00,"[""海協會陳德銘：台積電是大陸人民的驕傲""]",1
2013-11-29 00:00:00,[],0
2013-12-02 00:00:00,"[""換盈餘做公設 國發基金賣百億台積電股""]",1
2013-12-03 00:00:00,[],0
2013-12-04 00:00:00,"[""明年Q1營收微減Q2強彈18%  高盛喊買台積電""]",1
2013-12-05 00:00:00,[],0
2013-12-06 00:00:00,"[""台積電等獲國家永續發展獎 江揆親頒""]",1
2013-12-09 00:00:00,[],0
2013-12-10 00:00:00,"[""台積電營收報告   前11月累計增16.6%"", ""看好台積電明年營收 高盛喊買進 ＃台股缺少中實戶 量能低迷難放大"", ""台積電11月營收減逾14% 庫存修正 12月反彈""]",3
2013-12-11 00:00:00,"[""〈今周刊〉張忠謀：台積電 只有一個太陽！""]",1
2013-12-12 00:00:00,"[""劉德音：台積電關鍵製程突破20奈米下月量產 1年後16奈米"", ""台積電劉德音：某些重要設備生產效率已提高30%"", ""台積電28奈米營收貢獻估1600億元 20奈米下月量產""]",3
2013-12-13 00:00:00,"[""外資期現貨同偏空 買日月光 賣台積電、金控股""]",1
2013-12-16 00:00:00,[],0
2013-12-17 00:00:00,[],0
2013-12-18 00:00:00,"[""台積電百元關卡又拉警報 最後一盤神秘結帳9999張"", ""殺台積電壓結算還不夠？外資賣超12億元 台指新倉空軍搶卡位"", ""殺台積電壓結算還不夠？外資賣超12億元 台指新倉空軍搶卡位"", ""台股盤後─台指結算 台積電遇襲！蘋果派護月線 力守8300""]",4
2013-12-19 00:00:00,[],0
2013-12-20 00:00:00,[],0
2013-12-23 00:00:00,"[""上週外資在集中市場買超18.82億元，買超日月光15.66萬張最多，另賣超台積電5.65萬張最多""]",1
2013-12-24 00:00:00,"[""〈快訊〉左大川明年將接任台積電固態照明、太陽能董事長""]",1
2013-12-25 00:00:00,[],0
2013-12-26 00:00:00,[],0
2013-12-27 00:00:00,[],0
2013-12-30 00:00:00,"[""上週外資在集中市場買超78.91億元，買超聯電1.87萬張最多，另賣超台積電1.69萬張最多""]",1
2013-12-31 00:00:00,[],0
2014-01-02 00:00:00,[],0
2014-01-03 00:00:00,[],0
2014-01-06 00:00:00,"[""上週外資在集中市場買超134.30億元，買超鴻海4.19萬張最多，另賣超台積電1.65萬張最多""]",1
2014-01-07 00:00:00,[],0
2014-01-08 00:00:00,[],0
2014-01-09 00:00:00,[],0
2014-01-10 00:00:00,"[""台積電Q4營收1458億財測達標 全年超越5970億"", ""台股盤後─當沖難high？台積電回神守8500 周線爆量連2黑！""]",2
2014-01-13 00:00:00,"[""張忠謀不健康？台積電狂跌 檢查炒股"", ""台積電量縮收復5日線 外資連3賣 自營買超創高"", ""上週外資在集中市場買超43.92億元，買超聯電6.84萬張最多，另賣超台積電6.32萬張最多"", ""外資上週買超43.92億　買聯電賣台積電""]",4
2014-01-14 00:00:00,"[""台積電、成大聯合研發中心揭幕 打造南台灣半導體重鎮"", ""群益期貨台股期權盤後－鴻海、台積電穩盤台股在月線暫止跌"", ""群益期貨台股期權盤後－鴻海、台積電穩盤台股在月線暫止跌"", ""群益期貨台股期權盤後－鴻海、台積電穩盤台股在月線暫止跌"", ""小摩：台積電Q2~Q3營運都將「出奇的強勁」""]",5
2014-01-15 00:00:00,"[""外資估台積電去年EPS達7.13元 Q1營收季減5.5%""]",1
2014-01-16 00:00:00,"[""台積電獲利密碼「8、11、13」行動裝置貢獻撐竿跳！"", ""台積電今年資本支出與去年相當 折舊年增35%"", ""台積電20奈米今年出貨比重1成 16奈米明年量產"", ""台積電102年營收獲利創高   EPS7.27元"", ""張忠謀：台積電今年拚雙位數成長 行動貢獻年增35%"", ""台積電估Q1營收季減5.36% 毛利率持平或季增2%"", ""台積電Q4 EPS 1.73元 去年每股賺7.26元""]",7
2014-01-17 00:00:00,"[""台股盤後—英特爾展望保守壓指數 台積電與高價股無力撐盤 回測5日線""]",1
2014-01-20 00:00:00,[],0
2014-01-21 00:00:00,[],0
2014-01-22 00:00:00,[],0
2014-01-23 00:00:00,[],0
2014-01-24 00:00:00,[],0
2014-01-27 00:00:00,[],0
2014-02-05 00:00:00,[],0
2014-02-06 00:00:00,[],0
2014-02-07 00:00:00,"[""誰說硬體股不會飆漲？台積電夥伴恩智浦創歷史新高""]",1
2014-02-10 00:00:00,"[""上週外資在集中市場賣超680.79億元，賣超台積電13.12萬張最多，另買超亞太電5.38萬張最多"", ""台積電元月營收重回514億元 月增3.5% 連2個月走高"", ""Barron&#39;s週刊唱衰台積電  看好三星、英特爾奪晶圓代工龍頭""]",3
2014-02-11 00:00:00,[],0
2014-02-12 00:00:00,[],0
2014-02-13 00:00:00,"[""蘋果將轉單台積電？傳三星20奈米製程良率出問題""]",1
2014-02-14 00:00:00,"[""台股盤後─台積電、鴻海挑大樑 力挺元宵不變盤！驚驚收復8500"", ""台股盤中—台積電、鴻海帶頭衝 元宵不變盤 重回月線以上""]",2
2014-02-17 00:00:00,[],0
2014-02-18 00:00:00,"[""還是 3元！台積電配現金股利未打破慣例""]",1
2014-02-19 00:00:00,"[""台積電殖利率約2.78% 市場期待股東會股利再加碼""]",1
2014-02-20 00:00:00,[],0
2014-02-21 00:00:00,"[""〈萬寶週刊〉台積電拚千億資本支出 誰受惠？""]",1
2014-02-24 00:00:00,"[""上週外資在集中市場買超277.89億元，買超台積電7.56萬張最多，另賣超遠東銀3.07萬張最多""]",1
2014-02-25 00:00:00,[],0
2014-02-26 00:00:00,[],0
2014-02-27 00:00:00,[],0
2014-03-03 00:00:00,"[""上週外資在集中市場買超192.99億元，買超台積電6.18萬張最多，另賣超元大金7.26萬張最多""]",1
2014-03-04 00:00:00,[],0
2014-03-05 00:00:00,"[""外資瑞信看MWC 中階機大幅成長 上游首選台積電、聯發科"", ""外資瑞信看MWC 中階機大幅成長 上游首選台積電、聯發科""]",2
2014-03-06 00:00:00,"[""台股盤後─台積電射穿雲箭 多頭8700大會師！登32個月新高"", ""台積電傳已開始量產「A8」四核處理器 搶供蘋果iPhone 6""]",2
2014-03-07 00:00:00,[],0
2014-03-10 00:00:00,"[""陸行之：台積電急單加持 上修Q1 EPS至1.71元"", ""陸行之：台積電急單加持 上修Q1 EPS至1.71元"", ""外資上周買台股210億元 大買台積電"", ""台積電2月營收468億元 月減9% Q1業績可望輕鬆達標""]",4
2014-03-11 00:00:00,"[""到底用不用台積電？韓媒：蘋果iPhone A8晶片訂單已下給三星""]",1
2014-03-12 00:00:00,"[""急單猛！台積電上修Q1財測  營收衰退6%逆轉正成長""]",1
2014-03-13 00:00:00,"[""乾景投顧盤後─台積電領漲  多頭買氣沸騰"", ""乾景投顧盤後─台積電領漲  多頭買氣沸騰"", ""台股盤後─爺們喊9000樂觀！台積電領軍 撐竿跳過8700"", ""台積電Q1業績猛 股價創高 市值升破3兆元直逼英特爾""]",4
2014-03-14 00:00:00,[],0
2014-03-17 00:00:00,[],0
2014-03-18 00:00:00,"[""8檔科技股金光閃閃 美林欽點台積電、聯發科、台達電、鴻海等""]",1
2014-03-19 00:00:00,[],0
2014-03-20 00:00:00,"[""美林：行動裝置爆發 台積電、聯發科最受惠""]",1
2014-03-21 00:00:00,[],0
2014-03-24 00:00:00,[],0
2014-03-25 00:00:00,[],0
2014-03-26 00:00:00,"[""乾景投顧盤後－台積電領漲  指數重返8700"", ""乾景投顧盤後－台積電領漲  指數重返8700""]",2
2014-03-27 00:00:00,[],0
2014-03-28 00:00:00,[],0
2014-03-31 00:00:00,"[""外資上周大買台股316億元 買超台積電7.2萬張最多""]",1
2014-04-01 00:00:00,"[""羅智先：看好統一實有機會成為中國飲料代工的台積電""]",1
2014-04-02 00:00:00,[],0
2014-04-03 00:00:00,[],0
2014-04-07 00:00:00,[],0
2014-04-08 00:00:00,[],0
2014-04-09 00:00:00,[],0
2014-04-10 00:00:00,"[""台積電Q1營收1482億元 超越高標 季增1.6%""]",1
2014-04-11 00:00:00,"[""台積電出售世界持股盤後交易 獲利逾20億Q2認列"", ""台積電出售世界5%持股 每股42.55元 持股降至33.3%"", ""台積電發布重大訊息 宣佈出售5%世界先進股權"", ""外資調升目標價  點名大立光、台積電""]",4
2014-04-14 00:00:00,[],0
2014-04-15 00:00:00,"[""台股盤後─台積電鴻海掌大旗！台指結算前 3度重登8900""]",1
2014-04-16 00:00:00,[],0
2014-04-17 00:00:00,"[""台積電未來法說看到張董身影 恐怕要碰運氣了"", ""台積電第二季財測  營收持續成長"", ""台積電Q1好成績　每股賺1.85元"", ""台積電法說6大亮點 20奈米緊密配合2個「重量級」客戶"", ""台積電明年資本支出與今年相當 2016布建10奈米再提升"", ""台積電劉德音上調半導體成長預測 估晶圓代工年增達14%"", ""台積電Q1營收續揚　EPS1.85元"", ""台積電估Q2營收季跳增23% 超乎預期 智慧手機應用大成長"", ""台積電Q1 EPS 1.85元 略優預期 28奈米占比34%""]",9
2014-04-18 00:00:00,"[""永豐期貨台指選擇權盤前－台積電一支獨秀撐穩台股 指數往上扣關9000點"", ""永豐期貨台指選擇權盤前－台積電一支獨秀撐穩台股 指數往上扣關9000點"", ""永豐期貨台指選擇權盤前－台積電一支獨秀撐穩台股 指數往上扣關9000點"", ""群益期貨台股期權盤後－台積電一枝獨秀 台股買盤並不強"", ""群益期貨台股期權盤後－台積電一枝獨秀 台股買盤並不強"", ""群益期貨台股期權盤後－台積電一枝獨秀 台股買盤並不強"", ""乾景投顧盤後－台積電法說報佳音  帶動台股攻9千"", ""乾景投顧盤後－台積電法說報佳音  帶動台股攻9千"", ""台股盤後─台積電獨秀！量急縮多頭場邊看 輕觸9000關僅40秒""]",9
2014-04-21 00:00:00,"[""首家！Altera 20nm產品採台積電銅凸塊封裝技術"", ""台股盤後─外資放假量急凍 台積電也沒輒！望9000興嘆""]",2
2014-04-22 00:00:00,[],0
2014-04-23 00:00:00,"[""〈新新聞〉【笑傲科技】台積電教我們的事""]",1
2014-04-24 00:00:00,[],0
2014-04-25 00:00:00,"[""大立光財報優 外資上看2330元 漲停1875元再創天價""]",1
2014-04-28 00:00:00,[],0
2014-04-29 00:00:00,"[""台積電釋股後 世界先進：有信心策略關係延續""]",1
2014-04-30 00:00:00,"[""兩岸三地1000大企業 台灣109家上榜  台積電躋身前10大"", ""挨打10年！兩岸企業當頭台積電擠老9　大小分流成主力""]",2
2014-05-02 00:00:00,[],0
2014-05-05 00:00:00,"[""寶島股價指數首日收10373點 台積電鴻海權重最高""]",1
2014-05-06 00:00:00,[],0
2014-05-07 00:00:00,[],0
2014-05-08 00:00:00,[],0
2014-05-09 00:00:00,"[""台積電4月營收618.87億元創歷史新高 業績打破市場謠言""]",1
2014-05-12 00:00:00,[],0
2014-05-13 00:00:00,"[""永豐期貨台指選擇權盤後－台積電撐穩指數收漲 日線連三黑仍站穩8800點"", ""永豐期貨台指選擇權盤後－台積電撐穩指數收漲 日線連三黑仍站穩8800點"", ""永豐期貨台指選擇權盤後－台積電撐穩指數收漲 日線連三黑仍站穩8800點""]",3
2014-05-14 00:00:00,[],0
2014-05-15 00:00:00,"[""天下調查：鴻海穩坐營收王 台積電連11年當獲利王"", ""威脅台積電！三星結盟STMicro、生產28nm FD-SOI"", ""台積電告前高管案二審勝訴 被告不得任職三星""]",3
2014-05-16 00:00:00,[],0
2014-05-19 00:00:00,[],0
2014-05-20 00:00:00,[],0
2014-05-21 00:00:00,"[""調查：台積電登新鮮人最嚮往企業榜首""]",1
2014-05-22 00:00:00,[],0
2014-05-23 00:00:00,[],0
2014-05-26 00:00:00,"[""台積電以123.5元創高卻收十字夜星 外資回補買超"", ""台積電台灣技術論壇周四登場 4G交替關聯技術增ASP""]",2
2014-05-27 00:00:00,"[""台積電攜手清大研發 5年內投入逾‏9000萬元""]",1
2014-05-28 00:00:00,[],0
2014-05-29 00:00:00,"[""台積電展示多項客戶應用 高通20奈米SoC大量進入手機市場"", ""魏哲家：PC轉變行動應用趨勢 台積電2個競爭者不可能合作又競爭"", ""台積電魏哲家：物聯網1.9兆美元機會在前 16奈米先長翅膀""]",3
2014-05-30 00:00:00,"[""台積電成家立業好所在‏ 每天逾6個台積寶寶誕生""]",1
2014-06-03 00:00:00,"[""群益期貨台股期權盤後－台積電穩重陣腳 台股重回9100點"", ""群益期貨台股期權盤後－台積電穩重陣腳 台股重回9100點"", ""群益期貨台股期權盤後－台積電穩重陣腳 台股重回9100點"", ""台股盤後─吃了粽子拉尾更夠力！台積電華亞科續攻 力守9100""]",4
2014-06-04 00:00:00,[],0
2014-06-05 00:00:00,[],0
2014-06-06 00:00:00,[],0
2014-06-09 00:00:00,"[""張忠謀再提一周工時最多50小時 台積電持續關心超時加班員工""]",1
2014-06-10 00:00:00,"[""台積電5月營收607億元 月減1.8%符預期 6月續降""]",1
2014-06-11 00:00:00,"[""台股盤後─拉尾上癮！漫步9200 拉台積電翻紅 再登6年新高""]",1
2014-06-12 00:00:00,"[""金融時報-渣打企業獎 台積電、台灣大、中華電信入圍""]",1
2014-06-13 00:00:00,"[""台積電訂單遞延？漢微科：部分推遲2個月 年底出貨強勁""]",1
2014-06-16 00:00:00,[],0
2014-06-17 00:00:00,[],0
2014-06-18 00:00:00,[],0
2014-06-19 00:00:00,[],0
2014-06-20 00:00:00,[],0
2014-06-23 00:00:00,"[""〈明日股東會〉台積電主場！兆豐金、統一掠陣 中華電準備吃便當"", ""〈明日股東會〉台積電主場！兆豐金、統一掠陣 中華電準備吃便當""]",2
2014-06-24 00:00:00,"[""台積電下半年繼旺　產能利用率維持滿載"", ""張忠謀：台積電行動應用CPU營收比重大於20奈米"", ""張忠謀：台積電Q3更好Q4不淡 產能利用率將維持100%左右"", ""分析師：費半買超、台積電可賣；聯發科有庫存風險"", ""張忠謀：台積電16奈米比三星強很多 英特爾仍非競爭因素"", ""台積電股東問行蹤 張忠謀預告下次出席法說 讚雙執行長表現"", ""股東會人擠人 股東脫衣抱怨熱 台積電致歉：節省用電""]",7
2014-06-25 00:00:00,[],0
2014-06-26 00:00:00,[],0
2014-06-27 00:00:00,[],0
2014-06-30 00:00:00,"[""台積電當心！三星14奈米想超車、年底半導體擬重整""]",1
2014-07-01 00:00:00,[],0
2014-07-02 00:00:00,[],0
2014-07-03 00:00:00,"[""小摩：台積電Q3續旺 單季毛利率上看50%""]",1
2014-07-04 00:00:00,[],0
2014-07-07 00:00:00,"[""Q3營運樂觀 外資調升目標價  台積電市值晉升3.5兆元"", ""台股盤後─9500多空PK！台積電控盤 電子拉尾再添1勝""]",2
2014-07-08 00:00:00,[],0
2014-07-09 00:00:00,[],0
2014-07-10 00:00:00,"[""半導體景氣熱 台積電Q2營收季增23% 創單季新高""]",1
2014-07-11 00:00:00,"[""Q3法說會前夕 台積電股價衝136.5元 市值創3.53兆新高"", ""7/14台積電等18檔個股除息 指數蒸發31點"", ""台股盤中—中小型股殺聲隆隆 台積電、鴻海撐盤 指數創高隨即壓回"", ""WSJ：台積電已於Q2開始供貨蘋果晶片 打破三星壟斷""]",4
2014-07-14 00:00:00,"[""台股盤後─台積電除息 股王＋金融補位！重登9500站回5日線""]",1
2014-07-15 00:00:00,[],0
2014-07-16 00:00:00,"[""台積電季報亮眼  第三季營收將持續成長"", ""張忠謀主持法說會  看好台積電第三季營運"", ""向台積電叫陣！韓媒：三星搶下高通行動處理器大單"", ""台積電Q2 EPS 2.3元 季增24.7% 毛利率49.8%"", ""外資聚焦明年蘋果A9訂單 德意志：台積電有望獨吞""]",5
2014-07-17 00:00:00,"[""外資狂砍台積電7萬張！賣超27億元 台指空軍挺進"", ""外資狂砍台積電7萬張！賣超27億元 台指空軍挺進"", ""群益期貨台股期權盤後－台積電遭熊掌 台股跌破月線"", ""群益期貨台股期權盤後－台積電遭熊掌 台股跌破月線"", ""群益期貨台股期權盤後－台積電遭熊掌 台股跌破月線"", ""台積電或失去蘋果高通訂單 三星接手"", ""顧德投顧盤後－謝謝台積電  沒讓指數漲"", ""顧德投顧盤後－謝謝台積電  沒讓指數漲"", ""凱基：台積電14奈米蘋果、高通訂單 明年下半遭三星奪去"", ""永豐期貨台指選擇權盤後－台積電搶單利空衝擊台股  指數跳空下跌失守月線"", ""永豐期貨台指選擇權盤後－台積電搶單利空衝擊台股  指數跳空下跌失守月線"", ""永豐期貨台指選擇權盤後－台積電搶單利空衝擊台股  指數跳空下跌失守月線"", ""台積電 大立光慘跌  大盤大跌76收在9408點"", ""台股盤後─台積電、股王中箭！重挫破月線 金融援救9400"", ""台積電重摔 封測股臉綠 日月光、矽品同步走跌"", ""大立光緊接台積電開法說 雙雙拖累台股跌點60點"", ""台股盤中─台積電、大立光雙引擎重挫 拖累跌幅擴大失守月線"", ""高階製程落後對手 台積電好景難在？ 法人爆多空論戰""]",18
2014-07-18 00:00:00,"[""群益期貨台股期權盤後－台積電跌幅收斂 台股開低走高"", ""群益期貨台股期權盤後－台積電跌幅收斂 台股開低走高"", ""群益期貨台股期權盤後－台積電跌幅收斂 台股開低走高"", ""日盛投顧李秀利：最糟測季線！9271不破無礙多頭 台積電當指標"", ""外資棄台積電 轉進面板雙虎、金融股避險""]",5
2014-07-21 00:00:00,"[""顧德投顧盤後－台積電、金融 反彈的關鍵"", ""顧德投顧盤後－台積電、金融 反彈的關鍵"", ""台股上周外資小買3億元 調節台積電13多萬張"", ""外資：客戶、對手雙重夾擊 台積電股價恐再跌10%""]",4
2014-07-22 00:00:00,"[""美林力挺台積電 現在就是好買點 給予目標價155.4元"", ""美林看好台積電16奈米後勁，維持買進評等""]",2
2014-07-23 00:00:00,"[""美林力挺台積電 現在就是好買點 給予目標價155.4元"", ""美林看好台積電16奈米後勁，維持買進評等""]",2
2014-07-24 00:00:00,"[""台股盤中─蘋果財報佳激勵蘋概股 台積電止血 大盤躍9500點""]",1
2014-07-25 00:00:00,"[""高通訂單讓給三星不怕！傳台積電最大客戶將是蘋果""]",1
2014-07-28 00:00:00,"[""外資上周買台股69.7億元 買友達最多 再調節台積電7萬多""]",1
2014-07-29 00:00:00,"[""台積電愛台灣 Q2擴廠砸重金逾500億元 帶動電子業投資""]",1
2014-07-30 00:00:00,"[""群益期貨台股期權盤後－台積電漸漸止穩 台股穩在盤上"", ""群益期貨台股期權盤後－台積電漸漸止穩 台股穩在盤上"", ""群益期貨台股期權盤後－台積電漸漸止穩 台股穩在盤上""]",3
2014-07-31 00:00:00,"[""培養數據分析人才 台積電舉辦「半導體大數據分析競賽」"", ""大學生想進台積電 先參加首屆大數據分析競賽 獎金最高30萬""]",2
2014-08-01 00:00:00,[],0
2014-08-04 00:00:00,[],0
2014-08-05 00:00:00,"[""台積電小心？分析師群唱衰20奈米晶片恐遭抽單 三星GF合作威脅大""]",1
2014-08-06 00:00:00,"[""2014天下企業公民獎 台積電重返冠軍 另摘首屆公司治理獎"", ""台積電今發股息777億 張忠謀3.7億入袋 股價開低走高"", ""反應過度！轉單風險影響有限 台積電跌破「買進點」""]",3
2014-08-07 00:00:00,[],0
2014-08-08 00:00:00,"[""28奈米需求強勁 20奈米出貨量擴大 台積電7月營收創新高""]",1
2014-08-11 00:00:00,[],0
2014-08-12 00:00:00,"[""鞏固一哥地位 台積電豪擲910億 擴充先進製程產能""]",1
2014-08-13 00:00:00,[],0
2014-08-14 00:00:00,[],0
2014-08-15 00:00:00,[],0
2014-08-18 00:00:00,"[""外資：半導體族群可望率大盤反攻 首選台積電、聯發科""]",1
2014-08-19 00:00:00,[],0
2014-08-20 00:00:00,[],0
2014-08-21 00:00:00,"[""政府明年編列釋股預算646億元 預計賣台積電股票33億"", ""外資看好半導體族群 首選台積電、聯發科""]",2
2014-08-22 00:00:00,"[""Q2上市櫃製造業合併營收連4升 台積電研發支出創單季新高""]",1
2014-08-25 00:00:00,"[""台積電張淑芬邀高雄氣爆災區學童 吃喝玩樂3天忘傷痛"", ""臺灣高薪100指數 回測績效優 台積電、鴻海權重最大""]",2
2014-08-26 00:00:00,"[""台積電、海力士庫存高？瑞信：別怕，半導體會軟著陸"", ""陸行之：台積電16奈米產能明年Q4料與三星旗鼓相當""]",2
2014-08-27 00:00:00,"[""挖掘下一個鴻海、台積電！曾銘宗：4年內300家進入創櫃板"", ""挖掘下一個鴻海、台積電！曾銘宗：4年內300家進入創櫃板"", ""挖掘下一個鴻海、台積電！曾銘宗：4年內300家進入創櫃板"", ""中科台積電擴廠開發案  送環評大會""]",4
2014-08-28 00:00:00,"[""中科擴建計劃 環評初審過關 台積電建廠言之過早""]",1
2014-08-29 00:00:00,"[""〈人物〉台積電張淑芬 救災高雄氣爆 看到家屬招魂最難過""]",1
2014-09-01 00:00:00,"[""外資上周買超台股281億元 買漢翔最多 調節台積電、聯電"", ""群益期貨台股期權盤後－台積電漲幅逾3% 台股持續挑戰新高"", ""群益期貨台股期權盤後－台積電漲幅逾3% 台股持續挑戰新高"", ""群益期貨台股期權盤後－台積電漲幅逾3% 台股持續挑戰新高"", ""台股盤後─台積電聯手蘋果派 電子建功 搶灘9500！"", ""穿戴裝置 + 物聯網帶旺 台積電領漲晶圓代工""]",6
2014-09-02 00:00:00,"[""半導體業3大挑戰 台積電：超低功耗 + 感測器 + 封裝技術""]",1
2014-09-03 00:00:00,"[""台積電協助高雄氣爆 曾銘宗高度肯定 籲強化公司治理""]",1
2014-09-04 00:00:00,[],0
2014-09-05 00:00:00,[],0
2014-09-09 00:00:00,"[""穿戴裝置前途無「亮」？台積電：出貨恐無法急增""]",1
2014-09-10 00:00:00,"[""好樣的！台積電8月營收連2月創新高 Q3營收獲利可望達標""]",1
2014-09-11 00:00:00,"[""蘋果新品受惠者？外資點名鴻海、台積電、日月光"", ""台股盤中─蘋果派不香了 供應鏈走弱 僅台積電撐盤""]",2
2014-09-12 00:00:00,"[""台積電28奈米HPC量產 行動裝置客戶歡呼 10家訂單湧進""]",1
2014-09-15 00:00:00,"[""等了10年！台積電轉投資精材本月送件上櫃 明年Q1掛牌"", ""台股上周回測9200點 外資賣70多億元 賣台積電最多"", ""證交所：外資賣超70.79億   台積電最多""]",3
2014-09-16 00:00:00,[],0
2014-09-17 00:00:00,[],0
2014-09-18 00:00:00,"[""台積電28奈米8成市占穩居龍頭 與中移動有合作機會""]",1
2014-09-19 00:00:00,[],0
2014-09-22 00:00:00,[],0
2014-09-23 00:00:00,[],0
2014-09-24 00:00:00,"[""台積電擴充先進產能 Q4大舉徵才2200人"", ""IHS：台積電確為A8代工廠 但三星供貨比例仍有40%""]",2
2014-09-25 00:00:00,"[""台積電攜手海思 生出首顆FinFET製程網通處理器""]",1
2014-09-26 00:00:00,[],0
2014-09-29 00:00:00,"[""台積電攻穿戴物聯網 建造超低耗電技術平台 2015年試產""]",1
2014-09-30 00:00:00,"[""ARM與台積電合作 率先完成64位元大小核晶片驗證"", ""台積電與ARM 發表FinFET矽晶片驗證成果"", ""A8夯！傳台積電擴產進度加快6-8週 材料商手忙腳亂""]",3
2014-10-01 00:00:00,"[""外資：台積電未來營運展望佳 跌幅有限佈局好時機""]",1
2014-10-02 00:00:00,"[""台積電與ARM合作10奈米製程 明年Q4支援客戶""]",1
2014-10-03 00:00:00,"[""股王大立光達成點火 今成交值43.7億元僅次台積電""]",1
2014-10-06 00:00:00,"[""台積電ARM將聯手研發10nm製造工藝""]",1
2014-10-07 00:00:00,"[""小摩：10奈米關鍵技術 台積電迎頭趕上英特爾"", ""台積電、思科、軟銀撐腰！F-世芯10月底上市 明開法說""]",2
2014-10-08 00:00:00,"[""台積電FinFET製程反超前三星 搶蘋果新A9訂單添籌碼""]",1
2014-10-09 00:00:00,"[""力旺連5年獲台積電IP Partner Award"", ""沾蘋果光 台積電連3月營收創新高 Q3 2090億元達高標""]",2
2014-10-13 00:00:00,"[""群益期貨台股期權盤後－台積電ADR重挫5% 台股形成M頭型態"", ""群益期貨台股期權盤後－台積電ADR重挫5% 台股形成M頭型態"", ""群益期貨台股期權盤後－台積電ADR重挫5% 台股形成M頭型態""]",3
2014-10-14 00:00:00,"[""2014標竿企業 台積電蟬聯龍頭 張忠謀穩坐最獲佩服企業家""]",1
2014-10-15 00:00:00,"[""台積電在股市下跌時可充當避險標的 Maybank調高評等"", ""台股盤中─台積電等半導體用力撐盤 台股可望出現反彈""]",2
2014-10-16 00:00:00,"[""法人看台積電法說：最大亮點 16奈米製程提前1季"", ""台積電營運後市仍佳　明年股利可望提高"", ""台積電明年資本支出逾百億美元 16奈米最快明年Q2量產"", ""台積電Q3營收報佳音　第四季會更好"", ""台積電Q3獲利創新高 每股淨賺2.94元 毛利率50.5%"", ""台積電第3季營收2090億5千萬 每股賺2.94元"", ""傳台積電已取得蘋果A8X晶片訂單 用於明年初新款iPad""]",7
2014-10-17 00:00:00,"[""台股盤中－台積電獨木難撐 股王落難跌停 失8600再跳水"", ""台積電法說給大禮 普通股 + ADR股價翻揚"", ""外資：蘋果A9訂單尚不明朗 台積電僅小幅利多""]",3
2014-10-20 00:00:00,"[""台股盤中—權值股台積電、鴻海發威 大漲110多點 回8600點以上"", ""〈權證〉多空擁大型電子股壁壘分明 台積電、日月光成多頭重鎮！""]",2
2014-10-21 00:00:00,"[""台股盤中─大立光走揚 台積電小跌 大盤平盤附近來回震盪""]",1
2014-10-22 00:00:00,"[""台股盤後─台積電領軍攻面板雙雄助陣 沒量沒信心短線挑戰跳空缺口""]",1
2014-10-23 00:00:00,"[""張忠謀：台積電落后三星是策略上的決定"", ""〈權證〉業績指標 先看台積電、面板雙虎領頭衝！""]",2
2014-10-24 00:00:00,[],0
2014-10-27 00:00:00,"[""張忠謀掛保證 台積電市佔率領先無虞 股價按讚""]",1
2014-10-28 00:00:00,[],0
2014-10-29 00:00:00,[],0
2014-10-30 00:00:00,"[""台灣創新企業20強 台積電奪新冠 鴻海急起直追""]",1
2014-10-31 00:00:00,[],0
2014-11-03 00:00:00,[],0
2014-11-04 00:00:00,[],0
2014-11-05 00:00:00,[],0
2014-11-06 00:00:00,[],0
2014-11-07 00:00:00,[],0
2014-11-10 00:00:00,"[""台積電將收購高通台灣工廠擴大業務"", ""台積電10月營收首度衝破800億大關 連4月創新高""]",2
2014-11-11 00:00:00,"[""擴充先進製程產能 台積電董事會通過1672億元資本預算"", ""擴充先進製程產能 台積電董事會通過1672億元資本預算""]",2
2014-11-12 00:00:00,"[""台積電16奈米強效版進入試產 2015年7月量產""]",1
2014-11-13 00:00:00,"[""台股盤後─量縮好拉尾！鴻海台積電聯手撐高 醞釀再闖9000關？""]",1
2014-11-14 00:00:00,"[""分析師：台積電趕不及 明年蘋果A9訂單恐落入三星之手"", ""三星又失算！14奈米遭台積電反將軍 殺價搶單恐落空""]",2
2014-11-17 00:00:00,[],0
2014-11-18 00:00:00,"[""韓媒：三星擠下台積電 搶下蘋果大單 2016年供應80%"", ""三星奪蘋果A9訂單？傳供應8成處理器、台積電居次位""]",2
2014-11-19 00:00:00,"[""外資持續買超 台積電除息4個多月之後 完成填息"", ""台股盤中─大漲逾百點 汽車股多頭點火 台積電穩步攻堅""]",2
2014-11-20 00:00:00,[],0
2014-11-21 00:00:00,"[""三星較受惠？傳台積電僅得大尺寸iPad、低階愛瘋訂單""]",1
2014-11-24 00:00:00,"[""台股盤中─半年線壓力大所言不假 台積電掌帥旗勝撐9000關""]",1
2014-11-25 00:00:00,"[""台積電又得獎了！資訊揭露完整透明 勇奪2座永續類首獎""]",1
2014-11-26 00:00:00,[],0
2014-11-27 00:00:00,"[""亞洲企業交棒陷困境！台積電、宏碁繼位者難尋 郭董欲打造經營團隊"", ""台積電股價多頭氣勢旺 11月來市值增3000億""]",2
2014-11-28 00:00:00,"[""搶不過三星低價！傳台積電只獲40%-50%的A9訂單""]",1
2014-12-01 00:00:00,[],0
2014-12-02 00:00:00,[],0
2014-12-03 00:00:00,[],0
2014-12-04 00:00:00,"[""劉德音：明年半導體產業成長5% 台積電高於晶圓代工12%水準""]",1
2014-12-05 00:00:00,"[""台股盤後─台積電、鴻海有壓！內資照衝 守9200周線連4紅""]",1
2014-12-08 00:00:00,[],0
2014-12-09 00:00:00,[],0
2014-12-10 00:00:00,"[""群益期貨台股期權盤後－台積電終止連創新高 台股持續下壓破月線"", ""群益期貨台股期權盤後－台積電終止連創新高 台股持續下壓破月線"", ""群益期貨台股期權盤後－台積電終止連創新高 台股持續下壓破月線"", ""台積電11月營收同比增長63% 為歷史第三高"", ""台積電11月營收722.75億元 月減10.5% 中止連創新高""]",5
2014-12-11 00:00:00,[],0
2014-12-12 00:00:00,[],0
2014-12-15 00:00:00,"[""張忠謀：中國扶植半導體產業 台積電可扮演協助角色""]",1
2014-12-16 00:00:00,"[""張忠謀：爭取當地訂單 台積電將赴陸設小部分28奈米產能"", ""台積電董事長稱將幫助大陸開發自有晶片""]",2
2014-12-17 00:00:00,[],0
2014-12-18 00:00:00,"[""半導體備貨潮Q1降臨 德意志點名台積電、漢微科""]",1
2014-12-19 00:00:00,[],0
2014-12-22 00:00:00,"[""傳台積電擬大陸建12寸晶圓廠 台官方稱不得新建"", ""〈權證〉多方再聚焦大型電子股 大立光、聯發科和台積電三強鼎立""]",2
2014-12-23 00:00:00,[],0
2014-12-24 00:00:00,[],0
2014-12-25 00:00:00,"[""法巴挺台韓印泰菲 點名買台積電、SK Hynix"", ""法巴挺台韓印泰菲 點名買台積電、SK Hynix""]",2
2014-12-26 00:00:00,"[""凍大戶條款上9200！外資休假中買超27億元 先回補台積電"", ""凍大戶條款上9200！外資休假中買超27億元 先回補台積電"", ""蘋果A9訂單爭奪戰開打 MIC樂觀：台積電勝出"", ""富鼎投顧盤後－台積電甩尾  台股攻克9200點"", ""富鼎投顧盤後－台積電甩尾  台股攻克9200點""]",5
2014-12-29 00:00:00,[],0
2014-12-30 00:00:00,"[""台積電關懷弱勢 獲2014年「國家永續發展獎」企業類首獎"", ""〈權證〉電子三巨頭華亞科、大立光和台積電領軍封關行情""]",2
2014-12-31 00:00:00,"[""台積電一離職員工騎摩托車衝撞廠門引發騷亂""]",1
2015-01-05 00:00:00,[],0
2015-01-06 00:00:00,[],0
2015-01-07 00:00:00,[],0
2015-01-08 00:00:00,[],0
2015-01-09 00:00:00,[],0
2015-01-12 00:00:00,[],0
2015-01-13 00:00:00,"[""台積電今年不如去年？ 張忠謀親自上陣主持法說 對外釋疑"", ""台積電今年不如去年？ 張忠謀親自上陣主持法說 對外釋疑"", ""台積電今年不如去年？ 張忠謀親自上陣主持法說 對外釋疑"", ""台積電今年不如去年？ 張忠謀親自上陣主持法說 對外釋疑""]",4
2015-01-14 00:00:00,"[""油元基金砍台積電？外資賣超66億元 台指多單落跑！"", ""油元基金砍台積電？外資賣超66億元 台指多單落跑！"", ""油元基金砍台積電？外資賣超66億元 台指多單落跑！"", ""油元基金砍台積電？外資賣超66億元 台指多單落跑！""]",4
2015-01-15 00:00:00,"[""好厲害！台積電今年成長將超越整體晶圓代工業"", ""好厲害！台積電今年成長將超越整體晶圓代工業"", ""好厲害！台積電今年成長將超越整體晶圓代工業"", ""好厲害！台積電今年成長將超越整體晶圓代工業"", ""台積電淡季不淡  今年Q1展望理想"", ""台積電淡季不淡  今年Q1展望理想"", ""台積電淡季不淡  今年Q1展望理想"", ""台積電淡季不淡  今年Q1展望理想"", ""老神在在 張忠謀：台積電16奈米明年就重回領先地位"", ""老神在在 張忠謀：台積電16奈米明年就重回領先地位"", ""老神在在 張忠謀：台積電16奈米明年就重回領先地位"", ""老神在在 張忠謀：台積電16奈米明年就重回領先地位"", ""老神在在 張忠謀：台積電16奈米明年就重回領先地位"", ""老神在在 張忠謀：台積電16奈米明年就重回領先地位"", ""老神在在 張忠謀：台積電16奈米明年就重回領先地位"", ""老神在在 張忠謀：台積電16奈米明年就重回領先地位""]",16
2015-01-16 00:00:00,"[""永豐期貨台指選擇權盤後－台積電獨秀難撐大盤 日線帶量長黑跌破月線"", ""永豐期貨台指選擇權盤後－台積電獨秀難撐大盤 日線帶量長黑跌破月線"", ""永豐期貨台指選擇權盤後－台積電獨秀難撐大盤 日線帶量長黑跌破月線"", ""永豐期貨台指選擇權盤後－台積電獨秀難撐大盤 日線帶量長黑跌破月線"", ""永豐期貨台指選擇權盤後－台積電獨秀難撐大盤 日線帶量長黑跌破月線"", ""永豐期貨台指選擇權盤後－台積電獨秀難撐大盤 日線帶量長黑跌破月線"", ""永豐期貨台指選擇權盤後－台積電獨秀難撐大盤 日線帶量長黑跌破月線"", ""永豐期貨台指選擇權盤後－台積電獨秀難撐大盤 日線帶量長黑跌破月線"", ""永豐期貨台指選擇權盤後－台積電獨秀難撐大盤 日線帶量長黑跌破月線"", ""永豐期貨台指選擇權盤後－台積電獨秀難撐大盤 日線帶量長黑跌破月線"", ""永豐期貨台指選擇權盤後－台積電獨秀難撐大盤 日線帶量長黑跌破月線"", ""永豐期貨台指選擇權盤後－台積電獨秀難撐大盤 日線帶量長黑跌破月線"", ""台股收盤小跌　仰仗台積電大立光撐盤"", ""台股收盤小跌　仰仗台積電大立光撐盤"", ""台股收盤小跌　仰仗台積電大立光撐盤"", ""台股收盤小跌　仰仗台積電大立光撐盤""]",16
2015-01-19 00:00:00,[],0
2015-01-20 00:00:00,[],0
2015-01-21 00:00:00,[],0
2015-01-22 00:00:00,[],0
2015-01-23 00:00:00,[],0
2015-01-26 00:00:00,"[""外資終止連兩周賣超 上周大買台股679億元 買超台積電最多"", ""外資終止連兩周賣超 上周大買台股679億元 買超台積電最多"", ""外資終止連兩周賣超 上周大買台股679億元 買超台積電最多"", ""外資終止連兩周賣超 上周大買台股679億元 買超台積電最多""]",4
2015-01-27 00:00:00,[],0
2015-01-28 00:00:00,[],0
2015-01-29 00:00:00,[],0
2015-01-30 00:00:00,[],0
2015-02-02 00:00:00,[],0
2015-02-03 00:00:00,"[""高盛：台積電今年資本支出創高 仍列亞洲科技股優先買進名單""]",1
2015-02-04 00:00:00,[],0
2015-02-05 00:00:00,"[""美媒：台積電技不如人 三星搶走蘋果A9訂單""]",1
2015-02-06 00:00:00,"[""〈觀察〉中科擴建拍板 台積電10奈米競爭力 直追英特爾"", ""台積電宣布斥資逾5千億 環保優先 擴建中科晶圓15廠""]",2
2015-02-09 00:00:00,"[""EPS創新高 外資捨台積電改抱世界先進 股價逆漲攻高""]",1
2015-02-10 00:00:00,"[""股利大放送  台積電要發4.5元現金股利"", ""台積電現金股利拉高至4.5元 員工獎金、紅利共發現金352億元"", ""台積電1月營收同比增長69% 創歷史新高"", ""報喜！台積電1月營收871億再創新高 月增25.3%""]",4
2015-02-11 00:00:00,"[""富鼎投顧盤後－台積電領漲  封關行情可期？"", ""富鼎投顧盤後－台積電領漲  封關行情可期？"", ""群益期貨台股期權盤後－台積電展開反攻 台股回神反彈"", ""群益期貨台股期權盤後－台積電展開反攻 台股回神反彈"", ""群益期貨台股期權盤後－台積電展開反攻 台股回神反彈"", ""永豐期貨台指選擇權盤後－台積電強彈帶動指數向上衝 日線量增收紅站回5日線"", ""永豐期貨台指選擇權盤後－台積電強彈帶動指數向上衝 日線量增收紅站回5日線"", ""永豐期貨台指選擇權盤後－台積電強彈帶動指數向上衝 日線量增收紅站回5日線"", ""台股盤後─台積電群創甜蜜復仇！電子挑大樑 9500關前紮營"", ""台積電帶頭衝 聯發科爆量止跌 原相、立錡法說行情強"", ""台股盤中—台積電大漲領軍 面板、高價同撐 收復9400點與5日線""]",11
2015-02-12 00:00:00,"[""MSCI六降台股權重 鴻海調升最多、台積電調降最大"", ""MSCI六降台股權重 鴻海調升最多、台積電調降最大"", ""台股盤中─封關倒數 MSCI雙降 高檔強勢整理 靠台積電撐盤"", ""外資卯起來買超 台積電以149.5元再創新高""]",4
2015-02-13 00:00:00,[],0
2015-02-24 00:00:00,"[""三星吃緊弄破碗？花旗：台積電良率優 吃A9多數訂單""]",1
2015-02-25 00:00:00,"[""半導體砸錢研發 聯發科去年擠進第9大 台積電第5""]",1
2015-02-26 00:00:00,[],0
2015-03-02 00:00:00,[],0
2015-03-03 00:00:00,[],0
2015-03-04 00:00:00,"[""台股盤後─熱錢派對不想散？鴻海、台積電撐盤 就是要守9600！""]",1
2015-03-05 00:00:00,[],0
2015-03-06 00:00:00,[],0
2015-03-09 00:00:00,"[""台積電觸頂了？三星搶單+客戶庫存調節，外資券商喊賣"", ""台積電觸頂了？三星搶單+客戶庫存調節，外資券商喊賣"", ""科技大廠砸大錢搶人才 碩士生台積電年薪超過百萬""]",3
2015-03-10 00:00:00,"[""台積電2月營收月減28%  3月回復常軌 Q1可續創新高"", ""〈權證〉大型電子股輪番上陣 大立光、台積電領銜 碩禾、宏碁助陣""]",2
2015-03-11 00:00:00,"[""FinFET競賽是誰贏？EE Times：台積電、三星難分軒輊"", ""台股盤後─台積電、鴻海、富邦金救援成功！縮腳打樁撐9500"", ""外資圈估台積電3月財測達高標 看好Q2末營收再創高""]",3
2015-03-12 00:00:00,"[""台積電佈局後段封裝 精材不擔心 看好12吋廠投產合作性"", ""再創高！港商德意志評台積電合理目標價至191元""]",2
2015-03-13 00:00:00,"[""台股盤後─台積電、鴻海聯手攻9600 金融扯後腿！豬羊變色殺尾"", ""橋椿敲定10.58億元中科園區購廠案 要和台積電與巨大做鄰居""]",2
2015-03-16 00:00:00,"[""美林台灣論壇 外資聚焦台積電、聯發科3大焦點""]",1
2015-03-17 00:00:00,"[""Bernstein：10奈米微縮不易、台積電難追平Intel"", ""台積電大啃蘋果！傳積極拉前設備訂單、16奈米大擴產""]",2
2015-03-18 00:00:00,"[""群益期貨台股期權盤後－台積電領軍上攻 台股突破盤局上緣"", ""群益期貨台股期權盤後－台積電領軍上攻 台股突破盤局上緣"", ""群益期貨台股期權盤後－台積電領軍上攻 台股突破盤局上緣"", ""台股盤中─熱錢還在、台指期拉高結算機率高 台積電領軍攻上9600點"", ""台股盤中—台積電領頭衝鋒 量可望重回千億元 站回9600點"", ""鼓勵整併！曾銘宗：盼台灣出現「金融台積電」 而非「七個小矮人」""]",6
2015-03-19 00:00:00,[],0
2015-03-20 00:00:00,[],0
2015-03-23 00:00:00,[],0
2015-03-24 00:00:00,[],0
2015-03-25 00:00:00,"[""創意北美辦公室搬遷 和台積電上下樓做鄰居""]",1
2015-03-26 00:00:00,"[""外資狂砍台積電！賣超115億元 幸好台指多單沒落跑"", ""費半空襲暴跌主因？美元太強、傳台積電業績受挫"", ""Maybank：台積電基本面惡化、明年獲利大幅減速"", ""台積電、三星擴產信心鬆動？設備商科林暴跌7%破底""]",4
2015-03-27 00:00:00,"[""外資抓狂？大砍台積電6.8萬張 賣超196億元 台指翻空！"", ""智慧手機成長趨緩，花旗喊賣台積電、砍HTC出貨預估"", ""台積電五大客戶今年營收貢獻「零成長」？匯豐降評"", ""台股盤後─半導體先見黑天鵝？台積電領跌 殺尾重挫回測9500！"", ""台股盤中—台積電拖累電子股重摔近百點回測9500"", ""花旗降台積電投資評等至中立 仍看好2015年本益比12.2倍偏低""]",6
2015-03-30 00:00:00,"[""外資上周賣台股333億元 大賣台積電、日月光 買鴻海最多"", ""台股盤中─鴻家軍鴻海、台積電支撐電子股信心 技術指標走弱、盤中震盪整理守9500點""]",2
2015-03-31 00:00:00,[],0
2015-04-01 00:00:00,"[""台積電添變數？傳華為Kirin 930處理器非16奈米""]",1
2015-04-02 00:00:00,"[""台積電與鴻海今大舉成交逾百億元 貢獻大盤指數37點漲點"", ""美系外資：台積電高階封裝帶財、蘋果大單有望？"", ""台積電傳吃下愛瘋6c處理器訂單，20奈米版圖再擴大""]",3
2015-04-07 00:00:00,"[""創意6月推出採用台積電16奈米製程USB 3.1實體層IP"", ""〈權證〉台積電、富邦金領銜增量 寶滬深、FB上証多方寵兒""]",2
2015-04-08 00:00:00,"[""王見王！股王大立光及市值王台積電都敲定4/16召開法說會"", ""台積電矢言扳倒三星，宣誓10奈米2016年底量產""]",2
2015-04-09 00:00:00,"[""首度公開！ 台積電1滴水用3.5次 明年底量產10奈米製程""]",1
2015-04-10 00:00:00,"[""台積電營收出爐成績依舊亮眼"", ""台積電Q1淡季不淡 營收2220億元年增49.8% 順利達標"", ""台股盤後—台積電撐盤站回9600點 周K成十字線 多空下周再戰"", ""價碼喬不籠，傳英特爾收購台積電客戶Altera破局？""]",4
2015-04-13 00:00:00,"[""施振榮打造歐亞物聯網平台 宏碁、台積電、聯發科等參與""]",1
2015-04-14 00:00:00,"[""倫元投顧- 短線關鍵在台積電法說"", ""倫元投顧- 短線關鍵在台積電法說"", ""外資翻臉大砍台積電2.3萬張！賣超33億元 加空台指期"", ""富鼎投顧盤後－靜待台積電法說會的台股"", ""富鼎投顧盤後－靜待台積電法說會的台股"", ""群益期貨台股期權盤後－台積電遭摜壓 台股壓抑盤下"", ""群益期貨台股期權盤後－台積電遭摜壓 台股壓抑盤下"", ""群益期貨台股期權盤後－台積電遭摜壓 台股壓抑盤下"", ""台積電成長力道削弱？ 法說會前夕 股價陷整理跌破季線"", ""台股盤後─陸港股震盪 多頭怕怕！台積電遭摜壓 9650上下晃"", ""台股盤中—台積電壓盤 資金點火生技、文創 守月線徘徊震盪""]",11
2015-04-15 00:00:00,"[""外資大賣台股逾216億　狂砍台積電"", ""富鼎投顧盤後－台積電法說會後定乾坤"", ""富鼎投顧盤後－台積電法說會後定乾坤"", ""超越摩爾定律！台積電10奈米2015下半年進入試產"", ""台積電晶圓代工市佔逾50% 聯電重返第二、世界倒退嚕""]",5
2015-04-16 00:00:00,"[""〈觀察〉台積電Q2營運蹲馬步 下半年再迎利多"", ""台積電雙位數成長  未來5年營運持續看好"", ""台積電今年資本支出降至110億美元 下修半導體業成長率至4%"", ""淡季效應 台積電第二季營收預估季減7%到8%"", ""法說前夕台積電止跌大漲近3%"", ""台積電稱明年底量10納米工藝 趕超三星"", ""台積電第一季度營收422.5億元 同比增長49.8%"", ""台積電第一季度凈利157億元 同比增近65%"", ""台積電Q2營收估下滑6.77-8.1% 今年仍可望2位數成長"", ""富鼎投顧盤後－台積電法說會內容應該不差"", ""富鼎投顧盤後－台積電法說會內容應該不差"", ""台積電領軍　台股飆漲116點收9656點"", ""台積電淡季不淡 Q1獲利創歷史次高 每股淨賺3.05元"", ""台股盤中─法說暖場 台積電帶頭衝 大漲近百點重回9600點"", ""台積電法說會在即 外資回補 股價挑戰月線""]",15
2015-04-17 00:00:00,"[""外資砍3.5萬張台積電！賣超38億元 台指空軍大反撲"", ""外資砍3.5萬張台積電！賣超38億元 台指空軍大反撲"", ""外資力挺台積電 建議Q2逢低布局 下半年營收動能強勁 可延續至2016年"", ""群益期貨台股期權盤後－台積電遇難走弱 拖累台股續整理"", ""群益期貨台股期權盤後－台積電遇難走弱 拖累台股續整理"", ""群益期貨台股期權盤後－台積電遇難走弱 拖累台股續整理"", ""永豐期貨台指選擇權盤後－台積電法說對後市看淡  指數失守9600"", ""永豐期貨台指選擇權盤後－台積電法說對後市看淡  指數失守9600"", ""永豐期貨台指選擇權盤後－台積電法說對後市看淡  指數失守9600"", ""富鼎投顧盤後－台積電未來走勢將影響台股後勢?"", ""富鼎投顧盤後－台積電未來走勢將影響台股後勢?"", ""台積電領跌台股收盤跌85點"", ""鷸蚌相爭！台積電意外成贏家 三星S6系列銷量優預期 排擠蘋果A9訂單"", ""降資本支出重創股價　台積電大跌"", ""台股盤後─台積電落難 電子皮皮挫！再破9600 月線變蓋頭壓"", ""台積電Q2展望低預期 日月光、矽品領跌 封測股全倒"", ""台股盤中─多空嚴重對立 台積電走跌影響指數逾30點"", ""台積電Q2展望不如預期 跳空開低近3% 美國ADR下跌1.15%"", ""台積電降資本支出 漢微科股價重挫一度逼近跌停""]",19
2015-04-20 00:00:00,"[""外資上週賣超逾158億 台積電慘遭狂賣"", ""大立光今創新天價 成交值近50億元超越台積電成雙料冠軍""]",2
2015-04-21 00:00:00,[],0
2015-04-22 00:00:00,"[""台積電喊話有物聯網撐腰 里昂證喊買 股價回神"", ""台積電喊話有物聯網撐腰 里昂證喊買 股價回神""]",2
2015-04-23 00:00:00,"[""台積電今貢獻台股漲點31.36點居冠 大立光奉獻不及4點""]",1
2015-04-24 00:00:00,"[""群益期貨台股期權盤後－台積電跳空上漲 台股最高10000點"", ""群益期貨台股期權盤後－台積電跳空上漲 台股最高10000點"", ""群益期貨台股期權盤後－台積電跳空上漲 台股最高10000點"", ""台積電6月改選董事 應用材料董座獲提名獨董 鄒至莊退出"", ""台積電公布下屆董事候選名單，美商應材董事長入列"", ""台股盤後─萬點不是夢！台積電重掌兵符 爆量挺進9900"", ""台股進取萬點門戶 台積電今挑大樑貢獻近50點 大立光登頂"", ""外資回頭 台積電強漲逾3%收月線 一吐1個月怨氣""]",8
2015-04-27 00:00:00,"[""群益期貨台股期權盤後－金融持續走強 台積電疲軟"", ""群益期貨台股期權盤後－金融持續走強 台積電疲軟"", ""群益期貨台股期權盤後－金融持續走強 台積電疲軟"", ""台股觸萬點台幣勁升 拖累台積電、聯電卻逆漲 純粹個股輪動"", ""台股盤後─金融紅不讓 助攻10001！台積電聯發科軟 萬點沒站穩""]",5
2015-04-28 00:00:00,"[""台積電好樣！太陽能商用模組轉換效率達16.5％改寫紀錄""]",1
2015-04-29 00:00:00,"[""蔡英文請益台積電 共同面對經濟問題 張忠謀：盡匹夫責任"", ""蔡英文拜會張忠謀 請益5大經濟議題 台積電重申不參與政治"", ""兩岸三地1000大 台企排名大滑落 台積電掉至12名"", ""外資簇擁新台幣 台積電匯損陰影甩不掉 連3黑150元失守""]",4
2015-04-30 00:00:00,"[""股東報告書出爐 張忠謀：下波趨勢物聯網 台積電是關鍵推手""]",1
2015-05-04 00:00:00,[],0
2015-05-05 00:00:00,[],0
2015-05-06 00:00:00,[],0
2015-05-07 00:00:00,[],0
2015-05-08 00:00:00,"[""台積電4月營收創第3高 手機需求疲軟 5、6月營收恐不妙""]",1
2015-05-11 00:00:00,"[""半導體庫存漸去化 台積電Q3展望樂觀 買盤回籠先卡位""]",1
2015-05-12 00:00:00,[],0
2015-05-13 00:00:00,[],0
2015-05-14 00:00:00,[],0
2015-05-15 00:00:00,[],0
2015-05-18 00:00:00,[],0
2015-05-19 00:00:00,[],0
2015-05-20 00:00:00,[],0
2015-05-21 00:00:00,[],0
2015-05-22 00:00:00,"[""台積電加油！三星10奈米明年底量產 英特爾心驚""]",1
2015-05-25 00:00:00,[],0
2015-05-26 00:00:00,"[""湯森路透報告 台積電排名全球第五大半導體材料創新企業""]",1
2015-05-27 00:00:00,"[""張忠謀談接班人 很難強過他 能守護台積電價值最重要""]",1
2015-05-28 00:00:00,"[""向三星叫陣 台積電魏哲家：16奈米製程效能比對手好10%"", ""中國紅色威脅來勢洶洶 台積電：唯一出路是保持領先""]",2
2015-05-29 00:00:00,"[""台積電攜手賽靈思直衝7奈米，拚2017年量產""]",1
2015-06-01 00:00:00,"[""台積電庫存成隱憂 瑞銀證看壞Q3營收估僅占3至5%""]",1
2015-06-02 00:00:00,"[""聯發科鬆口：先進產品不排除交給台積電以外代工廠""]",1
2015-06-03 00:00:00,[],0
2015-06-04 00:00:00,[],0
2015-06-05 00:00:00,"[""〈權證〉多方比創半年新低！空方湧入鴻海、大立光和台積電"", ""〈權證〉多方比創半年新低！空方湧入鴻海、大立光和台積電""]",2
2015-06-08 00:00:00,[],0
2015-06-09 00:00:00,"[""台積電出售5%世界先進股票 持股降至28.3%仍是最大股東"", ""營運讚　台積電股利上調為4.5元"", ""台積電選出新董事 每股將配發現金股利"", ""張忠謀：台積電是競爭下的贏家 訂單沒腰斬 今年業績增逾1成"", ""張忠謀：台積電去年是非常成功的一年 3年來獲利翻1倍""]",5
2015-06-10 00:00:00,"[""台積電董事會通過人事案 五月營收出爐略降"", ""台積電5月營收140.73億人民幣 環比下降6.9%"", ""台積電5月營收熄火 為近3個月新低 6月恐再下探""]",3
2015-06-11 00:00:00,[],0
2015-06-12 00:00:00,[],0
2015-06-15 00:00:00,"[""外資上周賣超台股295億元 賣日月光、台積電最多 大買中信金"", ""外資上周賣超台股295億元 賣日月光、台積電最多 大買中信金""]",2
2015-06-16 00:00:00,"[""台積電宣佈認購一億度綠色電力""]",1
2015-06-17 00:00:00,[],0
2015-06-18 00:00:00,[],0
2015-06-22 00:00:00,"[""瑞銀論壇為台股下半年重要風向球 台積電除息行情動見觀瞻"", ""瑞銀論壇為台股下半年重要風向球 台積電除息行情動見觀瞻""]",2
2015-06-23 00:00:00,"[""南亞配息2.3元 吳嘉昭：殖利率好過定存、也好過台積電"", ""宏碁陳俊聖薪水高？ 曾繁城背書：沒比台積電多 執行力很強""]",2
2015-06-24 00:00:00,"[""中國芯動起來！中芯揪高通拚研發，以夷制夷追擊台積電""]",1
2015-06-25 00:00:00,[],0
2015-06-26 00:00:00,"[""台股除權息大秀 台積電下周一除息 指數開盤蒸發41點"", ""亞洲投顧.寶得富盤後－量縮休息，等待台積電除息秀"", ""亞洲投顧.寶得富盤後－量縮休息，等待台積電除息秀"", ""永豐期貨台指選擇權盤後－多空觀望靜待摩根結算與台積電除息"", ""永豐期貨台指選擇權盤後－多空觀望靜待摩根結算與台積電除息"", ""永豐期貨台指選擇權盤後－多空觀望靜待摩根結算與台積電除息""]",6
2015-06-29 00:00:00,"[""八仙灼傷案 台積電張淑芬主動致電醫院院長 詢問所需援助"", ""謝金河：台積電貼息 投資人賠錢還要課重稅"", ""台股大跌 曾銘宗：台積電除息、希臘問題影響"", ""台股盤中─希債危機惡化 台股跌逾170點 台積電陷貼息窘境"", ""國際股市與費半扯後腿 台積電填息行情失靈""]",5
2015-06-30 00:00:00,"[""張淑芬拍板 台積電捐贈八仙每位傷患2套量身彈性壓力衣"", ""台積電除息進入第2天 股價回穩撐盤台股""]",2
2015-07-01 00:00:00,"[""外資小買14億元 台指期同步偏多 連3天砍台積電逾3.7萬張""]",1
2015-07-02 00:00:00,[],0
2015-07-03 00:00:00,"[""台積電下一步 蔣尚義：把7奈米做到全世界最領先"", ""列首波限電名單 張忠謀：缺電非常嚴重 台積電不能缺1分鐘""]",2
2015-07-06 00:00:00,[],0
2015-07-07 00:00:00,"[""台積電16日法說會聚焦Q3展望 法人苦等振奮好消息""]",1
2015-07-08 00:00:00,[],0
2015-07-09 00:00:00,[],0
2015-07-10 00:00:00,"[""需求疲軟 台積電6月合併營收近15個月新低""]",1
2015-07-13 00:00:00,"[""大數據分析當紅 台積電續辦競賽 捧30萬獎金求才"", ""大立光收盤強漲站上3400元 成交值逾35億元僅次台積電""]",2
2015-07-14 00:00:00,[],0
2015-07-15 00:00:00,[],0
2015-07-16 00:00:00,"[""台積電二季度凈利增0.5% 表現好於預期"", ""台積電下調半導體及晶圓代工業成長預估"", ""台積電Q3晶圓需求僅略回溫 估營收在2070億至2100億"", ""高階手機出貨夯 每支貢獻台積電17.8美元 明年看增至19.7美元"", ""台積電Q2成績不錯 每股賺3.06元"", ""台積電下修今年半導體成長預估至3%"", ""台積電上季盈利勝預期　比去年同期升33%"", ""台積電Q2賺  營收季減7.5%"", ""台積電下修今年半導體成長率至6% Q3公司業績僅季增約2%"", ""台股盤後－台積電法說前遭空襲 多方氣虛 量縮退守5日線"", ""打臉外資！台積電Q2靠業外進補 每股淨賺3.06元創次高"", ""台積電法說今登場 Q3淡季靠蘋果A9出貨撐腰 季營收估小增""]",12
2015-07-17 00:00:00,"[""很難玩！台股量能已冏 奈何大立光與台積電又吸走百億元資金"", ""台積電、大立光法說好壞兼有 股價兩樣情"", ""台股盤中─台積電、大立光法說兩樣情 以盤代跌守9000點"", ""台積電法說遜於預期 短線可能回測130元"", ""台積電10奈米製程追上英特爾 外資按讚""]",5
2015-07-20 00:00:00,"[""滿手現金！ 台積電斥資4億元 投資鴻海普通公司債"", ""曾銘宗：台積電發放股利超過千億元 有助錢回流股市"", ""台股量能救兵來了！ 台積電週四大發1166億元股息""]",3
2015-07-21 00:00:00,"[""處分台積電股票？中鋼：是財務操作選項 但要視狀況而定"", ""台積電證實16奈米本月出貨，估10奈米明年Q4量產""]",2
2015-07-22 00:00:00,[],0
2015-07-23 00:00:00,[],0
2015-07-24 00:00:00,"[""Bernstein高喊台積電被超賣！稱高通轉單沒那麼快"", ""Bernstein高喊台積電被超賣！稱高通轉單沒那麼快""]",2
2015-07-27 00:00:00,"[""台積電ADR轉為折價 外資主管：普通股恐怕還沒跌夠"", ""台積電ADR轉為折價 外資主管：普通股恐怕還沒跌夠""]",2
2015-07-28 00:00:00,"[""資金持續外流 台積電匯出20億美元 國泰、富邦轉進英鎊""]",1
2015-07-29 00:00:00,"[""讓社會更好！台積電全面採用EICC電子公民行為準則""]",1
2015-07-30 00:00:00,[],0
2015-07-31 00:00:00,[],0
2015-08-03 00:00:00,"[""聯發科核能再升級，傳Helio X30將採台積電16奈米製程""]",1
2015-08-04 00:00:00,[],0
2015-08-05 00:00:00,[],0
2015-08-06 00:00:00,[],0
2015-08-07 00:00:00,[],0
2015-08-10 00:00:00,"[""〈分析〉2個原因 讓台積電跌破130元價位"", ""台積電7月營收增長25% 創歷史第二高"", ""台積電闢謠罕見聲明16奈米量產順利 7月營收創歷史次高"", ""台股盤後－台積電罕見盤中闢謠 股王股后聯袂彈升 守住8400"", ""「救市主」蘋果iPhone 6S出貨 台積電難受惠 美元強勢擋財路""]",5
2015-08-11 00:00:00,"[""旺季不旺意外的禮物！台幣每貶1元 台積電營收就增3%"", ""股匯同跌！三大法人賣超53億 外資回補台積電2.23萬張"", ""跟三星拼了！台積電撥383億元 擴充先進製程、Q4研發預算"", ""不畏芮鷹襲擊　台積電股價反彈""]",4
2015-08-12 00:00:00,"[""台積電或將在大陸建晶圓廠"", ""新台幣重貶 外資恐加速撤出台股 台積電跌破130元"", ""新台幣重貶 外資恐加速撤出台股 台積電跌破130元""]",3
2015-08-13 00:00:00,"[""〈觀察〉台積電登陸最怕的機密外流 「獨資」鬆綁解套了"", ""12吋晶圓廠獨資登陸鬆綁 台積電最快8月底可遞件""]",2
2015-08-14 00:00:00,"[""MSCI個股權重台積電降最多 提防「摩」咒效應""]",1
2015-08-17 00:00:00,"[""台股再破底 日月光受台積電下挫影響 填息路顛簸""]",1
2015-08-18 00:00:00,"[""報價持續下滑 中鋼7月獲利縮水96% 不排除處分台積電股票""]",1
2015-08-19 00:00:00,[],0
2015-08-20 00:00:00,"[""〈今周刊〉410晶片 逼台積電非登陸不可？""]",1
2015-08-21 00:00:00,"[""台股帶量大跌242.89點破10年線 台積電成提款機"", ""美股重摔 台積電也跟著跳水 股價創低退守120元""]",2
2015-08-24 00:00:00,"[""台積電告贏研發大將  禁為三星效力定讞"", ""台積電告贏研發大將 禁為三星效力定讞""]",2
2015-08-25 00:00:00,"[""台積電宣佈將關閉旗下太陽能公司"", ""台股三劍客大立光、台積電與鴻海今貢獻漲點高達105.46點"", ""台積電認賠殺出 太陽能工廠月底關閉 365名員工轉職母公司"", ""台股盤中─吃蘋果穩軍心 大立光與台積電率台股大漲"", ""帶頭大哥台積電重新站回120元 台股止跌士氣大振""]",5
2015-08-26 00:00:00,"[""台積電告贏前高管：涉嫌向三星泄密"", ""台積電認賠殺出 太陽能產業前景不如預期？ 族群臉綠""]",2
2015-08-27 00:00:00,"[""台積電跌深反彈有賺頭 Q4至明年業績有題材 外資喊買""]",1
2015-08-28 00:00:00,"[""台積電12吋廠登陸？ 鄧振中：公司有規劃 政府先創造環境"", ""台積電認購綠電1億度 鄧振中親致謝 張忠謀：共同努力節電"", ""iPhone 6S確定9月9日亮相 台積電領漲蘋概 大盤衝破8千點""]",3
2015-08-31 00:00:00,[],0
2015-09-01 00:00:00,[],0
2015-09-02 00:00:00,[],0
2015-09-03 00:00:00,"[""台積電收購豪威科技持有台灣精材、采鈺股權 最快9月轉賣"", ""台積電收購豪威科技持有台灣精材、采鈺股權 最快9月轉賣"", ""台積電收購豪威科技持有台灣精材、采鈺股權 最快9月轉賣"", ""台積電收購豪威科技持有台灣精材、采鈺股權 最快9月轉賣"", ""晶圓代工市況無起色 台積電Q3營收保守 靜待Q4庫存落底"", ""晶圓代工市況無起色 台積電Q3營收保守 靜待Q4庫存落底"", ""晶圓代工市況無起色 台積電Q3營收保守 靜待Q4庫存落底"", ""晶圓代工市況無起色 台積電Q3營收保守 靜待Q4庫存落底""]",8
2015-09-04 00:00:00,[],0
2015-09-07 00:00:00,[],0
2015-09-08 00:00:00,[],0
2015-09-09 00:00:00,[],0
2015-09-10 00:00:00,[],0
2015-09-11 00:00:00,[],0
2015-09-14 00:00:00,[],0
2015-09-15 00:00:00,[],0
2015-09-16 00:00:00,[],0
2015-09-17 00:00:00,[],0
2015-09-18 00:00:00,[],0
2015-09-21 00:00:00,[],0
2015-09-22 00:00:00,[],0
2015-09-23 00:00:00,"[""台積電深陷庫存調節泥淖！罕見預告Q4營收下滑 全年仍達標"", ""台積電深陷庫存調節泥淖！罕見預告Q4營收下滑 全年仍達標"", ""台積電深陷庫存調節泥淖！罕見預告Q4營收下滑 全年仍達標"", ""台積電深陷庫存調節泥淖！罕見預告Q4營收下滑 全年仍達標"", ""台積電深陷庫存調節泥淖！罕見預告Q4營收下滑 全年仍達標"", ""台積電深陷庫存調節泥淖！罕見預告Q4營收下滑 全年仍達標"", ""台積電深陷庫存調節泥淖！罕見預告Q4營收下滑 全年仍達標"", ""台積電深陷庫存調節泥淖！罕見預告Q4營收下滑 全年仍達標"", ""高盛列最看好的四檔亞洲股票 台積電、騰訊上榜！"", ""高盛列最看好的四檔亞洲股票 台積電、騰訊上榜！"", ""高盛列最看好的四檔亞洲股票 台積電、騰訊上榜！"", ""高盛列最看好的四檔亞洲股票 台積電、騰訊上榜！""]",12
2015-09-24 00:00:00,[],0
2015-09-25 00:00:00,[],0
2015-09-29 00:00:00,[],0
2015-09-30 00:00:00,[],0
2015-10-01 00:00:00,[],0
2015-10-02 00:00:00,[],0
2015-10-05 00:00:00,[],0
2015-10-06 00:00:00,[],0
2015-10-07 00:00:00,[],0
2015-10-08 00:00:00,[],0
2015-10-12 00:00:00,[],0
2015-10-13 00:00:00,[],0
2015-10-14 00:00:00,[],0
2015-10-15 00:00:00,"[""台積電財務長：大砍資本支出是省錢有道 未來營收仍年成長10%"", ""台積電財務長：大砍資本支出是省錢有道 未來營收仍年成長10%"", ""台積電財務長：大砍資本支出是省錢有道 未來營收仍年成長10%"", ""台積電財務長：大砍資本支出是省錢有道 未來營收仍年成長10%"", ""台積電Q3財報符合預期 太陽能虧損影響獲利"", ""台積電Q3財報符合預期 太陽能虧損影響獲利"", ""台積電Q3財報符合預期 太陽能虧損影響獲利"", ""台積電Q3財報符合預期 太陽能虧損影響獲利"", ""台積電Q4穩健　但宣佈大降資本支出"", ""台積電Q4穩健　但宣佈大降資本支出"", ""台積電Q4穩健　但宣佈大降資本支出"", ""台積電Q4穩健　但宣佈大降資本支出""]",12
2015-10-16 00:00:00,"[""台積電成長率估0　股價今回檔"", ""〈分析〉解讀台積電法說的弦外之音""]",2
2015-10-19 00:00:00,[],0
2015-10-20 00:00:00,[],0
2015-10-21 00:00:00,[],0
2015-10-22 00:00:00,[],0
2015-10-23 00:00:00,[],0
2015-10-26 00:00:00,"[""外資上周買台股273億元 買台積電、聯電最多 調節金融股"", ""蘋果驚驚漲破20週均線 台積電沾點光""]",2
2015-10-27 00:00:00,[],0
2015-10-28 00:00:00,"[""笑傲全球！張忠謀：半導體零成長 但台積電還有10%成長率""]",1
2015-10-29 00:00:00,"[""2015年台灣創新企業調查 台積電拿第一 和大首度入榜"", ""張忠謀遙遙領先郭台銘！ 台積電拿下上市櫃公司「4個第一」"", ""張忠謀：景氣下季可望復甦，台積電明年會更好""]",3
2015-10-30 00:00:00,[],0
2015-11-02 00:00:00,[],0
2015-11-03 00:00:00,[],0
2015-11-04 00:00:00,[],0
2015-11-05 00:00:00,[],0
2015-11-06 00:00:00,[],0
2015-11-09 00:00:00,[],0
2015-11-10 00:00:00,[],0
2015-11-11 00:00:00,"[""半導體廠全球前20大 台積電還是老三 聯電擠進第19名""]",1
2015-11-12 00:00:00,[],0
2015-11-13 00:00:00,[],0
2015-11-16 00:00:00,[],0
2015-11-17 00:00:00,[],0
2015-11-18 00:00:00,[],0
2015-11-19 00:00:00,[],0
2015-11-20 00:00:00,[],0
2015-11-23 00:00:00,[],0
2015-11-24 00:00:00,[],0
2015-11-25 00:00:00,"[""不怕紅色供應鏈 張忠謀：台積電影響力世界第一 技術領先大陸""]",1
2015-11-26 00:00:00,[],0
2015-11-27 00:00:00,[],0
2015-11-30 00:00:00,[],0
2015-12-01 00:00:00,"[""台積電奪回成交值第1 有利台股續攻8500點""]",1
2015-12-02 00:00:00,[],0
2015-12-03 00:00:00,"[""台積電看到春燕了！ 劉德音：半導體2016年可恢復成長""]",1
2015-12-04 00:00:00,"[""蘋果王牌威震全場 股王大立光與台積電成交量翻揚""]",1
2015-12-07 00:00:00,"[""登陸搶商機　台積電：先進製程與研發基地均留台灣"", ""台積電赴陸設廠 經濟部:兩個月內完成審查"", ""台積電確定在南京建12寸晶片廠 投資30億美元""]",3
2015-12-08 00:00:00,"[""台積電蘋果A10大單在握 研調估2016營收上看300億美元"", ""台積電登陸 政院:全球布局 不犧牲國家利益""]",2
2015-12-09 00:00:00,"[""台積電照顧員工 2016年國定假日不縮減 依舊維持19天""]",1
2015-12-10 00:00:00,"[""台積電11月營收124億 同比下降12.2%""]",1
2015-12-11 00:00:00,"[""繼台積電後又一幸福企業 華邦電維持19天國定假日""]",1
2015-12-14 00:00:00,[],0
2015-12-15 00:00:00,[],0
2015-12-16 00:00:00,[],0
2015-12-17 00:00:00,"[""台灣的驕傲！台積電全球專利實力評鑑 勇奪半導體之王""]",1
2015-12-18 00:00:00,[],0
2015-12-21 00:00:00,[],0
2015-12-22 00:00:00,[],0
2015-12-23 00:00:00,[],0
2015-12-24 00:00:00,[],0
2015-12-25 00:00:00,[],0
2015-12-28 00:00:00,[],0
2015-12-29 00:00:00,[],0
2015-12-30 00:00:00,[],0
