Date,News_Score,News_Volume
2021-01-01,1.41,1
2021-01-02,-0.07,1
2021-01-03,-0.22,2
2021-01-05,1.82,2
2021-01-07,1.46,3
2021-01-08,1.07,5
2021-01-09,0.3,3
2021-01-10,0.36,2
2021-01-11,1.01,2
2021-01-12,1.15,4
2021-01-13,0.84,9
2021-01-14,1.0,4
2021-01-15,0.87,6
2021-01-16,1.13,3
2021-01-17,0.42,2
2021-01-18,1.35,2
2021-01-19,0.72,5
2021-01-20,0.99,2
2021-01-21,0.32,2
2021-01-22,0.81,8
2021-01-23,1.0,4
2021-01-24,1.37,1
2021-01-26,1.19,5
2021-01-27,0.71,5
2021-01-28,1.0,5
2021-01-29,-0.1,3
2021-01-30,1.74,1
2021-01-31,0.69,3
2021-02-01,0.82,3
2024-10-03,0.45,1
2025-05-15,1.04,1
2021-02-01,0.7,8
2021-02-02,0.96,11
2021-02-03,1.16,4
2021-02-04,0.5,4
2021-02-05,1.03,7
2021-02-06,1.56,2
2021-02-07,1.24,1
2021-02-08,0.8,6
2021-02-09,1.09,5
2021-02-10,0.81,1
2021-02-11,1.28,2
2021-02-13,0.0,1
2021-02-14,0.55,3
2021-02-16,0.91,3
2021-02-17,1.48,3
2021-02-18,1.54,1
2021-02-19,1.24,4
2021-02-20,0.42,1
2021-02-22,0.33,3
2021-02-23,1.21,6
2021-02-24,0.79,5
2021-02-25,1.07,5
2021-02-26,0.88,5
2021-02-27,0.62,3
2021-02-28,1.56,2
2021-03-01,0.42,1
2021-03-04,0.84,1
2021-03-06,1.39,1
2021-03-24,0.95,1
2021-03-02,0.67,4
2021-03-03,0.84,4
2021-03-04,0.73,5
2021-03-05,0.59,1
2021-03-07,0.24,2
2021-03-09,0.66,5
2021-03-10,0.51,3
2021-03-11,0.94,3
2021-03-12,1.59,1
2021-03-13,0.27,3
2021-03-15,0.65,4
2021-03-16,0.42,3
2021-03-17,1.39,7
2021-03-18,1.09,7
2021-03-19,0.54,3
2021-03-20,1.95,1
2021-03-21,0.08,1
2021-03-22,1.02,1
2021-03-23,0.58,5
2021-03-24,1.17,7
2021-03-25,1.56,1
2021-03-26,1.21,2
2021-03-27,-0.02,2
2021-03-28,0.72,1
2021-03-29,0.99,10
2021-03-30,1.01,3
2021-03-31,0.84,7
2021-04-01,1.29,4
2021-03-25,0.25,1
2021-04-01,0.81,3
2021-04-02,1.69,1
2021-04-04,-0.23,1
2021-04-05,1.05,1
2021-04-06,-0.19,4
2021-04-07,1.07,6
2021-04-08,0.98,6
2021-04-09,1.34,2
2021-04-11,0.99,1
2021-04-12,0.57,4
2021-04-13,1.5,4
2021-04-14,0.63,8
2021-04-15,1.5,6
2021-04-16,1.33,3
2021-04-18,0.24,2
2021-04-19,0.74,3
2021-04-20,0.39,6
2021-04-21,0.84,3
2021-04-22,0.96,3
2021-04-23,0.77,6
2021-04-25,1.57,1
2021-04-26,1.18,9
2021-04-27,0.96,4
2021-04-28,1.28,3
2021-04-29,1.22,8
2021-04-30,1.18,1
2021-05-02,0.86,1
2021-05-03,1.33,3
2021-05-04,0.29,9
2021-05-05,1.38,6
2021-05-06,0.78,4
2021-05-07,1.16,5
2021-05-08,0.28,1
2021-05-09,0.46,2
2021-05-10,1.3,6
2021-05-11,1.02,4
2021-05-12,0.91,3
2021-05-13,0.69,4
2021-05-14,0.72,2
2021-05-18,0.56,4
2021-05-19,0.69,7
2021-05-20,0.85,1
2021-05-21,0.26,2
2021-05-22,1.44,1
2021-05-24,1.63,1
2021-05-25,0.77,7
2021-05-26,0.96,6
2021-05-27,0.82,3
2021-05-28,1.25,5
2021-05-29,0.92,2
2021-05-30,0.97,1
2021-05-31,0.73,6
2021-06-01,0.57,4
2021-06-01,0.67,5
2021-06-02,0.67,5
2021-06-03,0.95,6
2021-06-04,0.99,1
2021-06-05,1.33,3
2021-06-06,1.36,3
2021-06-08,-0.45,2
2021-06-09,1.34,2
2021-06-10,1.41,2
2021-06-11,1.22,3
2021-06-12,1.05,3
2021-06-14,1.17,1
2021-06-15,1.13,4
2021-06-16,1.34,7
2021-06-17,1.42,3
2021-06-18,1.2,4
2021-06-19,0.38,1
2021-06-21,0.93,3
2021-06-22,2.46,1
2021-06-23,1.47,3
2021-06-24,1.17,5
2021-06-25,0.45,6
2021-06-26,0.68,1
2021-06-27,-0.1,2
2021-06-28,1.19,4
2021-06-29,1.21,2
2021-06-30,0.95,8
2021-07-01,0.98,9
2025-04-29,0.23,1
2021-07-01,1.01,7
2021-07-02,1.15,1
2021-07-04,1.37,5
2021-07-05,1.15,4
2021-07-06,0.54,2
2021-07-07,0.46,5
2021-07-08,1.61,1
2021-07-09,1.31,3
2021-07-12,0.6,5
2021-07-13,0.19,1
2021-07-14,1.76,2
2021-07-15,0.93,7
2021-07-16,0.86,3
2021-07-19,0.22,3
2021-07-20,0.71,9
2021-07-21,0.84,5
2021-07-22,0.62,6
2021-07-23,0.92,4
2021-07-24,1.63,2
2021-07-25,0.75,1
2021-07-26,0.96,5
2021-07-27,1.35,4
2021-07-28,1.18,4
2021-07-29,-0.16,1
2021-07-30,1.09,3
2021-07-31,-0.96,2
2021-08-01,1.76,3
2021-09-09,0.76,1
2025-05-28,1.03,1
2021-08-01,1.76,3
2021-08-02,1.26,4
2021-08-03,1.04,8
2021-08-04,0.76,3
2021-08-05,0.45,2
2021-08-06,1.03,4
2021-08-08,1.84,1
2021-08-09,0.83,4
2021-08-10,0.42,1
2021-08-11,1.13,3
2021-08-12,1.16,5
2021-08-13,0.16,2
2021-08-14,1.05,1
2021-08-16,0.85,6
2021-08-17,0.74,4
2021-08-18,1.36,2
2021-08-19,1.55,1
2021-08-20,0.83,1
2021-08-22,1.64,4
2021-08-23,0.83,7
2021-08-24,1.35,2
2021-08-25,0.66,6
2021-08-26,0.87,5
2021-08-27,1.67,3
2021-08-28,1.26,2
2021-08-29,0.97,3
2021-08-30,0.86,6
2021-08-31,1.14,3
2021-09-01,0.45,3
2026-03-18,1.56,1
2021-09-01,0.61,4
2021-09-02,1.16,5
2021-09-03,0.27,5
2021-09-04,-0.14,1
2021-09-05,1.5,1
2021-09-06,0.72,1
2021-09-07,1.14,5
2021-09-08,0.53,4
2021-09-09,1.05,4
2021-09-10,-0.69,1
2021-09-11,1.14,2
2021-09-12,1.0,1
2021-09-13,0.93,2
2021-09-14,1.01,3
2021-09-15,1.28,3
2021-09-16,0.75,3
2021-09-17,1.1,5
2021-09-18,1.14,3
2021-09-20,0.82,1
2021-09-22,1.01,7
2021-09-23,1.46,3
2021-09-24,1.37,6
2021-09-25,1.31,1
2021-09-27,0.97,4
2021-09-28,1.12,4
2021-09-30,0.67,2
2021-10-01,1.19,6
2025-03-02,1.05,1
2025-07-07,-0.48,1
2025-11-04,-1.2,1
2026-02-05,-1.46,1
2026-02-13,1.3,1
2026-02-24,-0.16,1
2026-03-01,0.68,1
2026-03-15,-0.06,1
2026-03-16,0.72,2
2026-03-18,0.29,1
2026-03-19,-0.66,2
2021-10-01,1.1,4
2021-10-04,1.43,4
2021-10-05,0.83,5
2021-10-06,0.69,3
2021-10-07,0.88,5
2021-10-10,1.27,2
2021-10-12,1.4,3
2021-10-13,0.84,2
2021-10-14,1.05,6
2021-10-15,1.05,3
2021-10-16,-0.7,1
2021-10-17,1.63,1
2021-10-18,1.14,4
2021-10-19,0.58,4
2021-10-20,0.8,7
2021-10-21,0.87,10
2021-10-22,0.9,2
2021-10-23,0.57,1
2021-10-24,1.05,3
2021-10-25,0.5,3
2021-10-26,0.46,5
2021-10-27,1.23,3
2021-10-28,1.38,4
2021-10-29,1.07,6
2021-10-30,0.98,2
2021-10-31,-0.85,1
2021-11-01,1.49,3
2023-08-18,0.62,1
2023-10-29,0.68,1
2026-03-18,0.26,1
2021-11-01,1.3,2
2021-11-02,0.85,3
2021-11-03,0.86,4
2021-11-04,1.55,4
2021-11-05,1.0,2
2021-11-06,1.9,2
2021-11-08,0.74,5
2021-11-09,0.44,1
2021-11-10,1.35,5
2021-11-11,1.15,6
2021-11-12,0.85,2
2021-11-14,0.94,3
2021-11-15,0.01,2
2021-11-16,1.67,1
2021-11-17,0.76,5
2021-11-18,0.56,5
2021-11-19,1.13,6
2021-11-20,1.43,1
2021-11-22,0.99,3
2021-11-23,1.49,4
2021-11-24,1.44,4
2021-11-25,1.03,10
2021-11-26,0.78,2
2021-11-29,1.26,6
2021-11-30,0.94,6
2021-12-01,1.19,5
2023-09-07,0.21,1
2021-12-01,1.13,6
2021-12-02,0.7,11
2021-12-03,1.22,1
2021-12-04,0.72,3
2021-12-06,1.15,4
2021-12-07,1.01,3
2021-12-08,1.7,1
2021-12-09,0.35,3
2021-12-10,-0.09,2
2021-12-11,1.29,4
2021-12-12,0.46,2
2021-12-13,1.09,3
2021-12-14,1.09,5
2021-12-15,1.13,7
2021-12-16,1.09,9
2021-12-17,0.9,6
2021-12-20,0.27,3
2021-12-21,0.53,1
2021-12-22,0.87,4
2021-12-23,0.91,3
2021-12-24,0.96,1
2021-12-25,1.08,3
2021-12-26,1.2,1
2021-12-27,1.42,1
2021-12-28,0.7,4
2021-12-29,1.02,7
2021-12-30,0.94,1
2021-12-31,1.64,1
2022-01-02,1.13,1
2022-01-03,0.78,6
2022-01-04,1.19,4
2022-01-05,0.86,5
2022-01-06,0.86,6
2022-01-07,0.75,5
2022-01-09,1.18,2
2022-01-10,1.61,2
2022-01-11,0.69,1
2022-01-12,1.06,3
2022-01-13,0.64,5
2022-01-14,0.94,3
2022-01-16,0.51,3
2022-01-17,0.82,9
2022-01-18,1.4,2
2022-01-19,1.2,7
2022-01-20,1.1,6
2022-01-21,1.8,1
2022-01-23,1.2,2
2022-01-24,0.74,2
2022-01-25,1.07,7
2022-01-26,1.0,4
2022-01-27,0.98,3
2022-01-28,0.65,5
2022-01-29,0.89,1
2022-01-30,1.02,2
2022-01-31,0.74,1
2022-02-01,1.82,1
2025-09-26,0.54,1
2022-02-01,1.82,1
2022-02-02,1.4,1
2022-02-03,1.68,1
2022-02-05,0.8,2
2022-02-06,1.73,1
2022-02-07,1.34,2
2022-02-08,0.99,3
2022-02-09,1.16,3
2022-02-10,1.38,5
2022-02-11,0.72,2
2022-02-12,1.97,1
2022-02-13,0.51,1
2022-02-14,1.34,8
2022-02-15,1.02,4
2022-02-16,0.89,11
2022-02-17,1.44,5
2022-02-18,1.19,6
2022-02-19,0.94,1
2022-02-20,1.12,2
2022-02-21,1.01,5
2022-02-22,1.08,3
2022-02-23,1.36,8
2022-02-24,1.21,7
2022-02-25,0.76,7
2022-02-26,-0.33,2
2022-02-28,0.78,2
2022-03-01,0.5,6
2022-03-01,0.24,3
2022-03-02,0.84,4
2022-03-03,1.12,4
2022-03-04,0.99,5
2022-03-05,1.18,1
2022-03-06,0.72,2
2022-03-07,0.67,3
2022-03-08,0.09,3
2022-03-09,1.48,1
2022-03-10,1.4,2
2022-03-11,0.93,2
2022-03-12,0.86,3
2022-03-15,0.92,3
2022-03-16,1.11,4
2022-03-17,0.78,4
2022-03-18,1.14,4
2022-03-19,1.76,1
2022-03-20,1.1,3
2022-03-21,1.54,4
2022-03-22,1.47,3
2022-03-23,1.43,2
2022-03-24,0.58,3
2022-03-25,1.42,3
2022-03-26,1.33,2
2022-03-27,-0.11,1
2022-03-28,0.23,3
2022-03-29,0.98,10
2022-03-30,0.92,7
2022-03-31,1.26,3
2022-04-01,1.08,4
2024-06-01,0.39,1
2026-03-15,0.78,1
2026-03-16,1.27,1
2022-04-01,1.08,5
2022-04-04,-0.79,1
2022-04-05,1.32,1
2022-04-06,0.53,2
2022-04-07,0.88,6
2022-04-08,0.76,2
2022-04-11,0.68,2
2022-04-12,0.42,6
2022-04-13,1.08,6
2022-04-14,0.25,5
2022-04-15,1.82,4
2022-04-16,1.5,1
2022-04-17,0.6,1
2022-04-18,0.95,6
2022-04-19,1.3,5
2022-04-20,1.38,7
2022-04-21,0.62,3
2022-04-22,0.28,2
2022-04-23,1.76,1
2022-04-24,0.48,1
2022-04-25,0.64,9
2022-04-26,1.15,3
2022-04-27,0.47,8
2022-04-28,0.15,5
2022-04-29,0.94,3
2022-04-30,0.31,3
2024-06-16,0.26,1
2026-03-16,1.82,1
2022-05-03,0.43,3
2022-05-04,1.4,3
2022-05-05,1.09,8
2022-05-09,0.87,3
2022-05-10,0.54,4
2022-05-11,1.57,2
2022-05-12,1.08,3
2022-05-13,0.97,2
2022-05-16,1.16,5
2022-05-17,1.0,2
2022-05-18,1.2,9
2022-05-19,1.25,4
2022-05-20,1.19,4
2022-05-21,0.24,2
2022-05-22,1.05,2
2022-05-23,0.16,3
2022-05-24,0.49,6
2022-05-25,0.7,8
2022-05-26,1.24,4
2022-05-27,0.79,7
2022-05-28,1.36,3
2022-05-30,1.04,2
2022-05-31,1.54,2
2022-06-01,0.6,5
2023-03-22,1.17,2
2023-03-23,1.38,1
2025-09-05,-0.3,1
2022-06-01,0.62,5
2022-06-02,0.87,9
2022-06-03,1.66,1
2022-06-04,0.62,1
2022-06-05,0.15,1
2022-06-06,0.86,3
2022-06-07,0.9,3
2022-06-08,0.69,4
2022-06-09,0.56,4
2022-06-11,0.64,1
2022-06-13,1.05,3
2022-06-14,0.15,4
2022-06-15,1.38,6
2022-06-16,0.81,5
2022-06-17,1.22,3
2022-06-20,0.5,5
2022-06-21,1.5,3
2022-06-22,1.04,9
2022-06-23,1.03,7
2022-06-24,0.89,3
2022-06-25,1.42,2
2022-06-27,0.48,1
2022-06-28,0.98,5
2022-06-29,0.69,4
2022-06-30,1.34,4
2022-07-01,0.71,3
2025-02-12,0.13,1
2019-11-25,0.94,1
2022-07-01,1.2,2
2022-07-02,0.6,1
2022-07-03,1.95,1
2022-07-04,0.52,7
2022-07-05,0.32,4
2022-07-06,0.52,3
2022-07-07,0.56,4
2022-07-08,1.19,6
2022-07-10,0.52,2
2022-07-11,1.45,1
2022-07-12,1.08,3
2022-07-13,-0.31,5
2022-07-14,1.4,2
2022-07-15,1.19,6
2022-07-17,1.24,4
2022-07-18,0.89,4
2022-07-19,1.08,4
2022-07-20,0.6,3
2022-07-21,0.46,1
2022-07-22,0.6,4
2022-07-23,-0.03,1
2022-07-24,1.21,3
2022-07-25,1.34,5
2022-07-26,1.02,4
2022-07-27,-0.91,3
2022-07-28,0.93,5
2022-07-29,0.15,1
2022-07-30,0.96,2
2022-07-31,1.29,3
2022-08-01,0.72,1
2023-09-07,0.49,1
2024-08-17,-0.11,1
2025-08-30,1.6,1
2025-12-11,1.15,1
2022-08-01,0.8,2
2022-08-02,1.04,6
2022-08-03,1.08,5
2022-08-04,1.31,1
2022-08-05,0.88,5
2022-08-06,1.04,3
2022-08-08,1.09,4
2022-08-09,0.85,7
2022-08-10,0.33,1
2022-08-11,0.25,4
2022-08-12,0.62,4
2022-08-14,1.11,1
2022-08-15,1.3,3
2022-08-16,1.24,1
2022-08-17,0.83,4
2022-08-18,0.38,4
2022-08-19,0.51,7
2022-08-21,0.42,1
2022-08-22,1.03,2
2022-08-23,1.05,2
2022-08-24,1.55,5
2022-08-25,1.21,5
2022-08-27,1.41,2
2022-08-28,0.85,1
2022-08-29,0.69,2
2022-08-30,0.94,4
2022-08-31,1.22,5
2022-09-01,0.87,6
2024-09-15,0.08,1
2025-08-05,1.18,1
2025-08-24,1.81,1
2022-09-01,0.87,6
2022-09-02,0.9,6
2022-09-04,0.42,2
2022-09-05,1.42,2
2022-09-06,0.64,5
2022-09-07,1.1,5
2022-09-08,0.96,1
2022-09-10,0.57,1
2022-09-11,0.86,1
2022-09-12,1.12,2
2022-09-13,1.0,8
2022-09-14,0.97,9
2022-09-15,1.1,6
2022-09-16,1.38,1
2022-09-17,0.76,5
2022-09-18,1.16,3
2022-09-19,1.24,1
2022-09-20,1.26,1
2022-09-21,1.46,2
2022-09-22,1.39,6
2022-09-23,0.46,1
2022-09-25,0.95,3
2022-09-26,0.62,3
2022-09-27,0.64,3
2022-09-28,0.11,5
2022-09-29,0.49,6
2022-09-30,0.8,2
2022-10-17,0.67,1
2024-09-11,0.28,1
2024-10-04,-0.44,1
2026-01-26,1.62,1
2022-10-02,0.56,4
2022-10-03,0.3,3
2022-10-04,0.39,2
2022-10-05,0.89,5
2022-10-06,0.69,2
2022-10-07,0.86,5
2022-10-09,0.48,3
2022-10-11,0.11,4
2022-10-12,0.96,5
2022-10-13,1.28,4
2022-10-14,0.51,1
2022-10-16,2.09,1
2022-10-17,0.91,2
2022-10-18,1.47,5
2022-10-19,0.44,4
2022-10-20,0.75,7
2022-10-21,0.36,3
2022-10-23,0.48,1
2022-10-24,0.35,6
2022-10-25,0.99,5
2022-10-26,1.12,4
2022-10-27,1.06,4
2022-10-28,1.03,6
2022-10-29,0.86,3
2022-10-30,1.17,2
2022-10-31,0.67,4
2022-11-01,0.16,3
2024-11-09,0.0,1
2026-03-18,0.62,1
2022-11-01,0.16,3
2022-11-02,1.0,6
2022-11-03,1.74,1
2022-11-04,1.3,2
2022-11-05,-0.22,3
2022-11-06,-0.19,1
2022-11-07,1.13,1
2022-11-08,0.44,2
2022-11-09,0.9,5
2022-11-10,0.76,4
2022-11-11,1.14,3
2022-11-13,0.05,1
2022-11-14,0.9,2
2022-11-15,1.05,5
2022-11-16,1.13,5
2022-11-17,0.91,3
2022-11-18,0.67,2
2022-11-19,1.86,1
2022-11-20,0.8,2
2022-11-21,0.62,3
2022-11-22,0.93,12
2022-11-23,0.97,3
2022-11-25,1.7,1
2022-11-27,1.65,1
2022-11-28,1.09,5
2022-11-29,1.24,8
2022-11-30,0.75,6
2022-12-01,1.06,3
2023-09-07,0.1,1
2023-10-26,0.86,2
2024-04-18,-0.19,1
2024-11-14,-0.89,1
2025-12-05,1.65,1
2022-12-01,1.14,4
2022-12-02,0.56,2
2022-12-04,0.74,1
2022-12-05,-0.54,1
2022-12-06,1.38,3
2022-12-07,1.33,5
2022-12-08,1.32,4
2022-12-10,1.26,2
2022-12-12,0.88,5
2022-12-13,0.29,2
2022-12-14,-0.53,2
2022-12-15,1.4,4
2022-12-16,0.79,5
2022-12-17,1.45,4
2022-12-18,1.41,1
2022-12-19,1.32,3
2022-12-20,0.63,9
2022-12-21,0.85,4
2022-12-22,0.79,2
2022-12-23,1.02,3
2022-12-25,1.45,1
2022-12-26,0.35,4
2022-12-27,1.14,7
2022-12-28,-0.23,3
2022-12-29,0.92,9
2022-12-30,1.11,5
2022-12-31,2.22,1
2024-10-24,-0.1,1
2026-01-22,0.91,1
2026-03-19,0.14,2
2022-12-31,0.64,1
2023-01-02,-0.01,2
2023-01-03,1.52,3
2023-01-04,0.95,8
2023-01-05,1.31,5
2023-01-06,1.2,3
2023-01-07,0.79,1
2023-01-08,1.18,2
2023-01-09,1.08,5
2023-01-10,0.82,4
2023-01-11,0.97,7
2023-01-12,0.71,5
2023-01-13,0.88,7
2023-01-14,1.6,2
2023-01-15,1.12,2
2023-01-16,1.07,7
2023-01-17,0.94,3
2023-01-18,1.54,3
2023-01-19,0.43,5
2023-01-20,0.89,2
2023-01-25,0.26,2
2023-01-27,1.44,1
2023-01-28,1.3,2
2023-01-30,1.16,5
2023-01-31,0.5,5
2023-02-01,1.17,5
2023-02-08,0.92,1
2026-03-13,0.62,1
2026-03-17,0.94,1
2023-02-01,1.01,4
2023-02-02,1.08,2
2023-02-03,1.12,5
2023-02-04,0.92,5
2023-02-05,1.42,1
2023-02-06,1.02,2
2023-02-07,-0.1,5
2023-02-08,1.17,4
2023-02-09,0.9,6
2023-02-10,0.62,2
2023-02-11,1.48,2
2023-02-12,1.38,3
2023-02-13,0.82,2
2023-02-14,1.33,5
2023-02-15,1.34,3
2023-02-16,0.91,7
2023-02-17,0.79,3
2023-02-18,-0.01,1
2023-02-19,1.12,1
2023-02-20,0.55,3
2023-02-21,0.94,3
2023-02-22,1.4,6
2023-02-23,1.02,6
2023-02-24,0.64,5
2023-02-25,1.14,3
2023-02-27,1.32,2
2023-03-01,0.79,5
2023-04-28,-0.48,1
2024-12-22,-0.05,1
2025-03-27,0.58,1
2026-01-09,-0.82,1
2023-03-01,0.62,4
2023-03-02,0.89,1
2023-03-03,1.71,3
2023-03-04,0.62,3
2023-03-06,1.1,2
2023-03-07,1.89,1
2023-03-08,1.13,3
2023-03-09,1.18,3
2023-03-10,-0.13,3
2023-03-11,0.83,1
2023-03-13,0.62,2
2023-03-14,1.15,4
2023-03-15,0.17,3
2023-03-16,1.14,6
2023-03-17,0.64,3
2023-03-18,1.48,1
2023-03-20,0.8,8
2023-03-21,0.56,4
2023-03-22,1.56,2
2023-03-23,1.41,2
2023-03-24,1.14,8
2023-03-25,1.45,5
2023-03-26,0.27,2
2023-03-27,1.53,1
2023-03-28,1.05,8
2023-03-29,1.05,5
2023-03-30,1.62,2
2023-03-31,1.08,4
2023-04-01,1.49,4
2024-12-17,0.14,1
2025-01-17,-0.6,1
2023-04-01,1.49,4
2023-04-02,0.53,1
2023-04-03,0.68,1
2023-04-06,0.96,7
2023-04-07,1.23,3
2023-04-08,0.95,2
2023-04-09,0.95,1
2023-04-10,0.77,5
2023-04-11,1.27,3
2023-04-12,1.27,5
2023-04-13,1.09,8
2023-04-14,0.17,2
2023-04-15,-0.64,1
2023-04-16,1.6,2
2023-04-17,1.38,7
2023-04-18,0.86,3
2023-04-19,1.31,3
2023-04-20,1.2,5
2023-04-21,0.79,5
2023-04-22,0.39,1
2023-04-23,1.02,2
2023-04-24,1.75,3
2023-04-25,0.89,4
2023-04-26,0.96,4
2023-04-27,0.7,5
2023-04-28,1.08,6
2023-04-29,0.96,2
2023-04-30,0.57,2
2023-05-01,1.3,2
2025-01-01,0.29,1
2019-08-20,0.22,1
2023-05-01,1.3,2
2023-05-02,1.32,2
2023-05-03,0.74,4
2023-05-04,1.09,1
2023-05-05,0.31,3
2023-05-07,0.43,2
2023-05-08,-0.73,1
2023-05-09,0.31,6
2023-05-10,0.9,3
2023-05-11,-0.06,2
2023-05-12,0.47,3
2023-05-13,-2.31,1
2023-05-14,0.78,3
2023-05-15,0.96,2
2023-05-16,1.16,4
2023-05-17,0.27,2
2023-05-18,0.72,5
2023-05-19,1.18,6
2023-05-20,0.62,1
2023-05-21,0.42,1
2023-05-22,0.76,4
2023-05-23,0.54,2
2023-05-24,0.71,6
2023-05-25,0.95,5
2023-05-26,0.69,1
2023-05-27,1.59,3
2023-05-29,1.16,6
2023-05-30,1.21,5
2023-05-31,1.11,7
2023-06-01,1.28,5
2026-01-07,1.77,1
2023-06-01,1.24,4
2023-06-02,1.06,3
2023-06-04,1.48,1
2023-06-05,0.9,3
2023-06-06,1.5,3
2023-06-07,1.44,4
2023-06-08,1.36,3
2023-06-09,1.04,7
2023-06-10,1.35,2
2023-06-11,1.11,3
2023-06-12,1.12,3
2023-06-13,1.05,6
2023-06-14,1.28,7
2023-06-15,1.62,6
2023-06-16,1.22,4
2023-06-17,0.97,2
2023-06-18,1.48,2
2023-06-19,0.95,2
2023-06-21,0.12,6
2023-06-24,0.2,1
2023-06-26,1.32,5
2023-06-27,0.31,2
2023-06-28,0.79,11
2023-06-29,0.9,4
2023-06-30,0.68,4
2024-09-30,0.78,1
2026-03-19,-0.03,1
2023-07-02,1.42,2
2023-07-04,0.74,3
2023-07-05,0.84,4
2023-07-07,-0.42,5
2023-07-09,1.4,2
2023-07-10,0.75,7
2023-07-11,1.02,5
2023-07-12,1.05,7
2023-07-13,0.01,1
2023-07-14,0.74,2
2023-07-16,0.99,3
2023-07-18,0.78,4
2023-07-19,0.79,3
2023-07-20,0.92,9
2023-07-21,0.82,4
2023-07-22,0.42,2
2023-07-24,0.76,5
2023-07-25,1.12,6
2023-07-26,1.02,4
2023-07-27,1.36,6
2023-07-28,0.57,3
2023-07-30,1.12,1
2023-07-31,1.16,4
2023-08-01,1.4,3
2025-03-20,0.35,1
2025-06-11,1.31,1
2025-07-10,-0.08,1
2025-09-22,0.09,1
2025-10-28,1.18,1
2023-08-01,1.4,3
2023-08-02,1.67,1
2023-08-03,0.7,5
2023-08-04,0.71,3
2023-08-05,0.62,1
2023-08-06,1.2,2
2023-08-07,1.33,3
2023-08-08,0.49,2
2023-08-09,0.84,3
2023-08-10,0.25,6
2023-08-11,1.14,6
2023-08-13,0.58,1
2023-08-14,0.12,2
2023-08-15,0.32,6
2023-08-16,0.92,2
2023-08-17,-0.11,3
2023-08-18,0.12,2
2023-08-19,1.22,2
2023-08-20,0.82,1
2023-08-21,0.76,8
2023-08-23,0.87,5
2023-08-24,1.08,3
2023-08-25,1.01,5
2023-08-26,0.04,3
2023-08-27,0.73,1
2023-08-28,0.64,2
2023-08-29,0.68,6
2023-08-30,1.39,2
2023-08-31,1.64,2
2023-09-01,1.56,2
2023-09-22,0.46,1
2024-10-09,0.08,1
2025-04-14,0.04,1
2025-06-30,0.81,1
2025-08-22,1.35,1
2025-12-31,0.42,1
2026-02-23,0.61,1
2023-09-01,1.56,2
2023-09-02,0.92,2
2023-09-04,1.23,3
2023-09-05,1.38,3
2023-09-06,1.28,1
2023-09-07,0.69,3
2023-09-08,1.13,6
2023-09-09,1.52,1
2023-09-10,1.63,1
2023-09-11,0.34,2
2023-09-12,0.99,6
2023-09-13,1.24,4
2023-09-14,1.15,8
2023-09-15,0.96,1
2023-09-16,1.32,2
2023-09-17,0.92,2
2023-09-18,0.59,4
2023-09-19,0.96,6
2023-09-20,0.93,6
2023-09-21,0.96,1
2023-09-22,0.98,8
2023-09-23,0.19,1
2023-09-24,1.1,1
2023-09-25,0.68,2
2023-09-26,1.02,5
2023-09-27,1.06,3
2023-09-28,1.07,6
2023-09-29,0.63,3
2023-10-01,1.35,1
2024-02-23,0.42,1
2025-04-28,0.53,1
2025-10-01,1.4,1
2025-10-18,0.58,1
2025-10-30,0.76,1
2026-03-17,0.41,1
2023-10-01,1.35,1
2023-10-02,1.18,8
2023-10-03,0.66,3
2023-10-04,0.49,6
2023-10-05,1.38,2
2023-10-06,1.66,2
2023-10-07,1.15,1
2023-10-08,0.56,2
2023-10-11,0.16,2
2023-10-12,0.85,4
2023-10-13,1.12,2
2023-10-14,0.14,1
2023-10-15,0.8,1
2023-10-16,0.81,1
2023-10-17,1.01,8
2023-10-18,0.73,5
2023-10-19,0.7,8
2023-10-20,1.18,4
2023-10-21,1.12,2
2023-10-22,1.8,2
2023-10-23,0.73,3
2023-10-25,0.96,5
2023-10-26,1.14,8
2023-10-27,0.62,6
2023-10-28,0.89,2
2023-10-29,0.6,1
2023-10-30,0.52,2
2023-10-31,1.09,3
2023-11-01,1.47,1
2023-11-02,0.76,1
2025-09-03,0.95,1
2025-10-19,1.68,1
2026-03-19,0.35,1
2023-11-01,1.47,1
2023-11-02,1.18,2
2023-11-04,1.09,3
2023-11-05,0.94,2
2023-11-06,0.32,3
2023-11-07,0.7,2
2023-11-08,0.06,2
2023-11-09,1.23,6
2023-11-10,1.05,4
2023-11-11,1.91,1
2023-11-12,1.85,1
2023-11-13,1.55,1
2023-11-14,1.2,3
2023-11-15,1.15,7
2023-11-16,1.29,6
2023-11-17,0.87,1
2023-11-18,1.29,1
2023-11-19,1.3,2
2023-11-20,0.94,5
2023-11-21,1.34,5
2023-11-22,0.84,7
2023-11-24,0.16,2
2023-11-25,1.15,1
2023-11-26,1.27,2
2023-11-27,1.43,3
2023-11-28,1.15,7
2023-11-29,1.01,6
2023-11-30,0.66,4
2023-12-01,0.73,7
2023-12-19,1.05,1
2025-05-21,-1.07,1
2026-03-20,0.25,1
2023-12-01,0.78,5
2023-12-03,1.75,1
2023-12-04,1.35,4
2023-12-05,0.66,5
2023-12-06,0.53,1
2023-12-07,1.34,6
2023-12-08,0.97,5
2023-12-09,0.75,3
2023-12-10,1.54,1
2023-12-11,0.7,4
2023-12-12,1.26,1
2023-12-13,0.99,3
2023-12-14,1.46,4
2023-12-15,1.07,9
2023-12-16,1.59,1
2023-12-17,1.28,2
2023-12-18,1.22,7
2023-12-19,1.36,1
2023-12-20,0.87,6
2023-12-21,1.13,3
2023-12-22,0.86,1
2023-12-25,1.18,3
2023-12-26,1.2,8
2023-12-27,1.2,1
2023-12-28,1.0,4
2024-01-01,0.37,2
2024-01-08,0.63,1
2024-02-14,0.42,1
2025-09-11,0.71,1
2025-09-24,0.97,1
2025-10-09,2.2,1
2025-10-30,1.42,1
2025-12-20,1.17,1
2026-03-20,0.5,2
2024-01-01,0.79,1
2024-01-02,1.39,4
2024-01-03,0.58,4
2024-01-04,1.7,1
2024-01-06,1.5,2
2024-01-07,1.04,2
2024-01-08,0.59,3
2024-01-09,1.16,2
2024-01-10,0.77,3
2024-01-13,0.81,1
2024-01-14,0.67,1
2024-01-15,1.26,3
2024-01-17,1.32,4
2024-01-18,1.08,10
2024-01-19,1.19,7
2024-01-20,0.7,4
2024-01-21,1.72,3
2024-01-22,1.14,9
2024-01-24,1.48,3
2024-01-25,0.78,4
2024-01-26,0.78,2
2024-01-27,0.81,4
2024-01-28,1.11,4
2024-01-29,1.19,5
2024-01-30,0.94,4
2024-01-31,0.82,4
2024-02-01,1.22,3
2024-06-01,0.83,1
2025-06-11,1.08,1
2026-03-17,1.19,1
2023-12-15,0.45,1
2024-02-01,1.17,4
2024-02-02,0.92,5
2024-02-03,1.45,1
2024-02-04,1.12,4
2024-02-05,0.81,3
2024-02-06,1.21,4
2024-02-07,1.31,4
2024-02-12,1.66,1
2024-02-13,0.89,1
2024-02-14,0.97,2
2024-02-15,1.39,3
2024-02-16,1.26,6
2024-02-17,1.83,1
2024-02-18,1.28,2
2024-02-19,1.29,6
2024-02-20,1.33,1
2024-02-21,0.83,2
2024-02-22,1.59,8
2024-02-23,1.13,4
2024-02-24,1.26,8
2024-02-25,1.35,2
2024-02-26,1.29,3
2024-02-27,1.28,4
2024-02-28,1.16,2
2024-02-29,0.82,5
2024-03-01,1.06,6
2024-03-04,1.16,1
2024-03-13,1.13,1
2024-03-22,-0.54,1
2024-06-25,1.32,1
2026-02-23,1.47,1
2026-03-18,0.55,1
2026-03-19,-1.05,1
2024-01-10,0.53,1
2024-03-01,1.01,5
2024-03-02,1.37,3
2024-03-04,1.43,5
2024-03-05,1.06,4
2024-03-06,0.44,4
2024-03-07,1.12,2
2024-03-08,0.75,4
2024-03-09,1.34,1
2024-03-10,0.92,2
2024-03-11,0.58,5
2024-03-12,1.46,3
2024-03-13,1.1,3
2024-03-14,0.93,6
2024-03-15,1.48,2
2024-03-16,1.32,3
2024-03-17,1.16,1
2024-03-18,0.96,4
2024-03-19,1.5,3
2024-03-20,1.61,2
2024-03-21,1.02,4
2024-03-22,0.68,3
2024-03-23,0.93,2
2024-03-25,0.86,6
2024-03-26,1.61,2
2024-03-27,0.93,3
2024-03-28,0.23,2
2024-03-29,1.31,1
2024-04-01,0.57,4
2025-03-07,0.34,2
2025-05-16,1.29,1
2025-06-01,1.86,1
2025-10-28,1.29,1
2026-03-16,1.24,4
2026-03-20,-1.4,1
2024-04-01,0.55,3
2024-04-02,1.06,5
2024-04-03,0.78,5
2024-04-04,0.77,3
2024-04-06,0.7,2
2024-04-07,0.87,1
2024-04-08,1.18,5
2024-04-09,1.33,4
2024-04-10,0.46,1
2024-04-11,0.73,1
2024-04-12,1.22,2
2024-04-13,1.44,2
2024-04-15,1.19,4
2024-04-16,1.2,1
2024-04-17,0.74,6
2024-04-18,1.39,5
2024-04-19,0.18,7
2024-04-20,1.77,1
2024-04-21,1.23,3
2024-04-22,0.56,2
2024-04-23,0.76,2
2024-04-24,0.06,1
2024-04-25,0.74,7
2024-04-26,1.2,6
2024-04-29,1.06,4
2024-04-30,1.42,6
2024-05-01,1.01,1
2024-05-28,1.36,1
2024-07-06,1.33,1
2024-08-19,-0.61,1
2024-09-27,1.81,1
2025-06-11,0.87,1
2025-09-02,0.48,1
2025-12-10,-0.14,1
2026-03-15,-0.79,2
2026-03-18,-0.83,1
2023-09-24,0.24,1
2024-05-01,1.01,1
2024-05-02,1.29,5
2024-05-03,1.4,2
2024-05-04,1.21,2
2024-05-05,1.45,2
2024-05-06,1.12,5
2024-05-07,1.2,5
2024-05-08,0.58,2
2024-05-09,1.37,2
2024-05-10,0.25,2
2024-05-11,1.02,1
2024-05-12,1.55,1
2024-05-13,1.02,2
2024-05-14,0.97,7
2024-05-15,1.19,5
2024-05-16,0.83,4
2024-05-17,1.28,3
2024-05-18,1.46,2
2024-05-19,0.99,3
2024-05-20,0.35,3
2024-05-21,1.35,1
2024-05-22,1.22,4
2024-05-23,1.09,6
2024-05-24,0.89,5
2024-05-25,1.69,1
2024-05-26,1.33,1
2024-05-27,1.51,3
2024-05-28,1.12,4
2024-05-29,0.6,3
2024-05-30,0.82,4
2024-05-31,0.46,2
2024-06-01,1.47,1
2025-04-08,1.25,1
2025-06-11,1.19,3
2025-06-12,1.38,1
2023-11-12,0.34,1
2024-06-01,1.47,1
2024-06-02,0.67,1
2024-06-03,1.12,8
2024-06-04,0.44,2
2024-06-05,0.72,6
2024-06-06,0.91,4
2024-06-07,1.12,4
2024-06-09,1.17,1
2024-06-11,1.4,2
2024-06-12,0.66,2
2024-06-13,0.6,3
2024-06-14,0.96,2
2024-06-17,0.21,1
2024-06-18,1.0,4
2024-06-19,1.26,4
2024-06-20,1.13,6
2024-06-21,1.41,7
2024-06-22,1.2,2
2024-06-23,0.38,2
2024-06-24,1.33,11
2024-06-25,1.5,3
2024-06-26,1.56,2
2024-06-27,1.03,5
2024-06-28,1.47,7
2024-06-30,1.5,1
2024-07-01,0.82,2
2024-07-05,1.54,1
2024-08-02,0.52,1
2025-01-08,0.65,1
2025-03-20,-0.17,1
2025-04-03,1.63,1
2025-09-11,0.16,1
2024-07-01,0.82,2
2024-07-02,1.28,5
2024-07-03,1.31,9
2024-07-04,1.5,4
2024-07-05,0.64,8
2024-07-07,1.22,2
2024-07-08,0.59,1
2024-07-09,1.12,3
2024-07-11,1.19,5
2024-07-12,0.87,1
2024-07-13,1.32,2
2024-07-15,1.08,4
2024-07-16,1.34,4
2024-07-17,0.86,3
2024-07-18,0.6,4
2024-07-19,1.09,8
2024-07-20,0.54,2
2024-07-21,0.78,4
2024-07-22,1.97,2
2024-07-23,1.46,2
2024-07-24,0.8,2
2024-07-25,0.91,1
2024-07-26,1.16,2
2024-07-27,0.76,2
2024-07-28,1.35,1
2024-07-29,1.44,2
2024-07-30,1.34,2
2024-07-31,0.49,5
2024-08-01,1.24,4
2025-09-29,0.96,1
2026-03-13,1.06,1
2026-03-14,0.51,1
2026-03-18,0.71,1
2024-08-01,1.24,4
2024-08-02,0.84,2
2024-08-03,0.3,2
2024-08-05,-0.07,7
2024-08-06,-0.08,4
2024-08-07,1.31,6
2024-08-08,1.22,1
2024-08-09,0.16,1
2024-08-10,-0.51,1
2024-08-12,1.02,3
2024-08-13,0.92,2
2024-08-14,1.45,3
2024-08-15,1.38,3
2024-08-16,0.97,5
2024-08-17,1.0,2
2024-08-18,1.72,2
2024-08-19,1.14,6
2024-08-20,0.96,4
2024-08-21,1.06,9
2024-08-22,1.21,2
2024-08-23,0.89,1
2024-08-24,1.3,3
2024-08-25,0.99,3
2024-08-26,1.14,1
2024-08-27,0.79,3
2024-08-28,0.82,3
2024-08-29,0.88,5
2024-08-30,0.95,3
2024-08-31,1.2,4
2024-09-01,0.58,3
2025-06-11,1.71,1
2026-03-15,0.18,1
2024-09-01,0.58,3
2024-09-02,1.26,6
2024-09-03,1.08,3
2024-09-04,1.24,4
2024-09-05,0.91,4
2024-09-06,0.6,2
2024-09-07,-0.47,1
2024-09-08,1.56,2
2024-09-09,1.15,1
2024-09-10,1.36,6
2024-09-11,0.84,4
2024-09-12,1.0,7
2024-09-13,1.52,6
2024-09-14,0.25,2
2024-09-15,1.01,1
2024-09-16,1.0,6
2024-09-17,1.42,2
2024-09-18,1.36,1
2024-09-19,1.45,3
2024-09-20,1.25,4
2024-09-21,1.0,2
2024-09-23,0.86,4
2024-09-24,1.12,6
2024-09-25,1.37,3
2024-09-26,1.54,2
2024-09-27,1.41,3
2024-09-28,1.46,2
2024-09-29,1.79,1
2024-10-01,1.05,5
2025-06-06,0.5,1
2025-06-11,0.44,1
2025-09-09,1.03,1
2025-09-21,0.94,1
2024-10-01,1.05,5
2024-10-02,1.19,1
2024-10-03,1.36,2
2024-10-04,0.96,2
2024-10-05,0.99,3
2024-10-06,-0.22,1
2024-10-07,1.3,3
2024-10-08,1.62,5
2024-10-09,1.29,1
2024-10-10,1.08,1
2024-10-11,1.24,5
2024-10-12,1.31,3
2024-10-14,1.71,3
2024-10-15,0.92,1
2024-10-16,2.07,1
2024-10-17,1.11,5
2024-10-18,1.11,11
2024-10-19,1.44,4
2024-10-20,1.09,3
2024-10-21,1.36,3
2024-10-22,1.24,6
2024-10-23,0.47,1
2024-10-24,1.37,4
2024-10-25,1.1,3
2024-10-26,1.16,5
2024-10-27,1.58,2
2024-10-28,0.75,5
2024-10-29,1.29,4
2024-10-30,1.05,2
2024-10-31,-0.29,1
2024-11-01,0.74,1
2025-03-20,0.71,1
2025-06-11,-0.25,1
2026-03-16,0.33,1
2024-11-01,0.74,1
2024-11-02,1.49,3
2024-11-03,0.97,1
2024-11-04,0.6,4
2024-11-05,1.52,3
2024-11-06,0.54,2
2024-11-07,1.21,3
2024-11-08,0.22,4
2024-11-09,1.08,2
2024-11-10,1.27,1
2024-11-11,1.36,3
2024-11-12,0.7,4
2024-11-13,0.5,7
2024-11-14,0.75,5
2024-11-15,1.04,7
2024-11-16,-0.36,2
2024-11-18,0.98,1
2024-11-19,0.93,4
2024-11-20,1.24,3
2024-11-21,1.22,4
2024-11-22,0.75,5
2024-11-23,1.64,1
2024-11-24,1.03,1
2024-11-25,1.3,2
2024-11-26,1.63,5
2024-11-27,0.13,4
2024-11-28,0.58,4
2024-11-29,1.15,7
2024-11-30,0.06,3
2024-12-01,1.46,2
2025-02-26,0.41,1
2025-11-28,1.66,1
2024-12-01,1.34,1
2024-12-02,1.21,3
2024-12-03,1.36,4
2024-12-04,-0.04,2
2024-12-05,0.4,1
2024-12-06,1.26,4
2024-12-08,0.5,5
2024-12-09,0.58,2
2024-12-10,0.63,4
2024-12-11,0.96,1
2024-12-12,1.59,2
2024-12-13,1.37,5
2024-12-14,1.57,3
2024-12-15,1.85,3
2024-12-16,1.42,2
2024-12-17,1.66,4
2024-12-18,1.06,3
2024-12-19,1.04,8
2024-12-20,0.59,3
2024-12-21,1.79,1
2024-12-22,1.07,1
2024-12-23,1.96,1
2024-12-24,1.26,3
2024-12-25,1.46,2
2024-12-26,0.76,6
2024-12-27,1.39,9
2024-12-29,0.89,2
2024-12-30,1.17,3
2024-12-31,1.34,6
2025-01-01,0.95,3
2025-01-17,-0.49,1
2025-03-08,0.95,1
2025-06-11,1.05,1
2025-01-01,0.44,2
2025-01-02,1.04,5
2025-01-03,1.38,6
2025-01-04,1.46,3
2025-01-06,1.66,2
2025-01-07,1.12,4
2025-01-08,1.91,2
2025-01-09,0.72,2
2025-01-10,0.75,3
2025-01-11,1.37,3
2025-01-12,1.09,4
2025-01-13,1.16,4
2025-01-14,1.12,4
2025-01-15,0.75,5
2025-01-16,1.28,14
2025-01-17,1.35,11
2025-01-20,1.55,6
2025-01-21,1.58,3
2025-01-22,1.16,3
2025-01-23,0.71,3
2025-01-25,0.89,3
2025-01-27,0.56,2
2025-01-28,-0.55,1
2025-01-29,1.36,2
2025-02-01,0.93,2
2026-03-19,1.38,1
2025-02-01,0.85,3
2025-02-02,1.46,4
2025-02-03,0.98,5
2025-02-04,1.28,2
2025-02-05,1.46,2
2025-02-06,0.54,2
2025-02-08,0.18,1
2025-02-09,0.74,2
2025-02-10,0.37,4
2025-02-11,0.83,3
2025-02-12,0.92,5
2025-02-13,1.49,4
2025-02-14,0.83,6
2025-02-15,0.52,3
2025-02-16,1.1,3
2025-02-17,1.98,1
2025-02-18,1.41,5
2025-02-19,1.0,9
2025-02-20,0.77,5
2025-02-21,1.2,7
2025-02-22,1.33,1
2025-02-23,1.04,5
2025-02-24,1.1,3
2025-02-25,2.06,1
2025-02-26,1.55,4
2025-02-27,1.24,6
2025-03-01,1.6,2
2025-04-17,-1.16,1
2026-03-20,-0.01,1
2025-03-02,-0.92,1
2025-03-04,0.86,3
2025-03-05,0.5,4
2025-03-06,0.34,4
2025-03-07,0.24,2
2025-03-08,1.69,4
2025-03-09,0.6,2
2025-03-10,0.45,3
2025-03-11,1.54,1
2025-03-12,1.5,6
2025-03-13,1.18,1
2025-03-14,0.93,1
2025-03-15,0.86,2
2025-03-16,1.28,1
2025-03-17,0.65,3
2025-03-18,0.98,2
2025-03-19,0.6,6
2025-03-20,0.78,8
2025-03-21,0.78,1
2025-03-22,0.66,4
2025-03-24,0.54,2
2025-03-25,1.04,6
2025-03-26,1.28,1
2025-03-27,0.95,11
2025-03-28,0.6,5
2025-03-29,0.86,1
2025-03-31,1.26,12
2025-04-01,1.3,2
2025-06-11,0.3,1
2025-04-01,1.22,2
2025-04-02,0.81,4
2025-04-03,1.06,1
2025-04-04,1.24,3
2025-04-07,-0.41,6
2025-04-08,0.39,2
2025-04-09,0.06,6
2025-04-10,1.49,1
2025-04-11,0.66,4
2025-04-12,1.63,1
2025-04-13,1.36,1
2025-04-14,0.99,5
2025-04-15,0.51,5
2025-04-16,1.16,2
2025-04-17,1.08,10
2025-04-18,1.0,4
2025-04-19,0.47,1
2025-04-20,0.21,3
2025-04-21,0.24,5
2025-04-22,1.13,5
2025-04-23,1.3,3
2025-04-24,1.19,7
2025-04-25,1.05,4
2025-04-26,1.45,1
2025-04-27,0.92,3
2025-04-28,0.71,5
2025-04-29,0.88,4
2025-04-30,0.96,2
2025-05-01,0.73,1
2025-05-02,1.46,5
2025-05-03,1.86,1
2025-05-04,1.75,1
2025-05-05,1.0,4
2025-05-06,-0.3,2
2025-05-07,0.37,3
2025-05-08,0.98,6
2025-05-09,1.16,7
2025-05-10,1.1,1
2025-05-11,1.54,4
2025-05-12,1.13,3
2025-05-13,0.82,7
2025-05-14,1.26,2
2025-05-15,1.41,5
2025-05-16,1.36,2
2025-05-17,1.52,3
2025-05-18,1.38,2
2025-05-19,1.07,7
2025-05-20,0.91,3
2025-05-21,0.79,4
2025-05-22,1.22,4
2025-05-23,-0.23,3
2025-05-24,0.81,1
2025-05-25,1.26,3
2025-05-26,1.11,6
2025-05-27,1.11,1
2025-05-28,1.0,3
2025-05-29,1.32,2
2025-05-30,1.44,2
2025-06-01,1.19,1
2026-03-18,1.5,1
2025-06-01,1.19,1
2025-06-02,0.18,5
2025-06-03,0.49,13
2025-06-04,0.93,7
2025-06-05,0.92,2
2025-06-08,1.5,2
2025-06-09,1.0,6
2025-06-10,1.59,4
2025-06-11,1.18,7
2025-06-12,0.96,2
2025-06-16,1.45,5
2025-06-17,1.42,3
2025-06-18,1.49,4
2025-06-19,1.38,2
2025-06-20,1.22,5
2025-06-21,0.11,4
2025-06-23,-0.48,2
2025-06-24,1.27,3
2025-06-25,1.04,3
2025-06-26,1.59,5
2025-06-27,1.31,5
2025-06-28,1.71,1
2025-06-29,0.84,1
2025-06-30,0.79,2
2025-07-01,0.83,4
2026-03-17,1.32,1
2026-03-19,-0.88,1
2025-07-01,0.73,6
2025-07-02,1.08,3
2025-07-03,1.18,7
2025-07-04,0.54,3
2025-07-05,0.29,2
2025-07-06,0.46,2
2025-07-07,1.47,1
2025-07-10,0.48,5
2025-07-11,0.23,3
2025-07-12,1.35,2
2025-07-14,0.23,2
2025-07-15,1.28,3
2025-07-16,1.18,6
2025-07-17,0.83,11
2025-07-18,1.38,9
2025-07-19,1.0,5
2025-07-20,0.87,3
2025-07-21,1.76,6
2025-07-22,1.15,1
2025-07-23,1.2,1
2025-07-24,0.32,3
2025-07-25,0.51,2
2025-07-26,1.94,2
2025-07-28,-0.62,2
2025-07-29,1.09,4
2025-07-30,1.6,2
2025-07-31,0.68,2
2025-08-01,1.29,1
2026-03-19,-0.17,1
2025-08-02,1.16,1
2025-08-03,0.78,1
2025-08-04,0.13,2
2025-08-05,0.91,5
2025-08-06,0.52,9
2025-08-07,0.88,10
2025-08-08,1.14,7
2025-08-09,1.05,1
2025-08-10,1.29,1
2025-08-11,1.05,3
2025-08-12,0.72,1
2025-08-13,1.89,1
2025-08-14,0.25,3
2025-08-15,0.56,1
2025-08-17,1.04,1
2025-08-18,1.41,5
2025-08-19,0.35,5
2025-08-20,0.21,5
2025-08-21,0.93,4
2025-08-22,0.73,6
2025-08-23,0.23,1
2025-08-25,1.26,3
2025-08-26,1.08,2
2025-08-27,1.06,5
2025-08-28,0.92,4
2025-08-29,0.12,4
2025-08-30,0.57,1
2025-08-31,1.3,2
2025-09-01,-0.2,6
2025-09-01,-0.47,3
2025-09-02,0.01,8
2025-09-03,0.26,5
2025-09-04,0.13,1
2025-09-07,1.09,2
2025-09-08,1.49,2
2025-09-09,1.22,3
2025-09-10,1.61,5
2025-09-11,1.28,4
2025-09-12,1.3,6
2025-09-14,1.19,2
2025-09-15,1.02,5
2025-09-16,1.57,4
2025-09-17,0.98,6
2025-09-18,1.0,2
2025-09-19,0.61,7
2025-09-20,0.5,2
2025-09-21,-0.99,1
2025-09-22,1.35,6
2025-09-23,1.16,5
2025-09-24,1.65,5
2025-09-25,1.2,3
2025-09-26,0.87,4
2025-09-27,0.96,1
2025-09-28,-0.02,1
2025-09-29,1.45,1
2025-09-30,1.02,3
2025-10-01,1.69,3
2025-10-01,1.73,2
2025-10-02,1.28,1
2025-10-03,1.42,2
2025-10-04,1.58,5
2025-10-05,1.67,2
2025-10-06,0.88,1
2025-10-07,1.16,6
2025-10-08,0.78,3
2025-10-09,1.26,2
2025-10-10,1.75,1
2025-10-11,0.3,2
2025-10-12,0.81,3
2025-10-13,1.27,2
2025-10-15,0.32,1
2025-10-16,1.2,22
2025-10-17,1.12,6
2025-10-18,0.9,6
2025-10-19,1.8,1
2025-10-20,1.32,9
2025-10-21,0.83,7
2025-10-22,0.28,1
2025-10-23,1.43,3
2025-10-24,1.02,2
2025-10-26,1.11,1
2025-10-28,1.35,1
2025-10-29,1.14,3
2025-10-30,-0.39,1
2025-11-01,1.0,2
2026-03-19,0.37,1
2026-03-20,0.84,1
2025-11-01,1.21,3
2025-11-02,1.3,1
2025-11-03,1.58,3
2025-11-04,1.42,1
2025-11-05,-0.28,5
2025-11-06,0.82,4
2025-11-07,1.14,3
2025-11-08,1.26,9
2025-11-10,1.69,2
2025-11-11,0.76,8
2025-11-12,0.97,6
2025-11-13,-0.21,2
2025-11-14,-0.22,1
2025-11-15,0.13,2
2025-11-17,0.79,3
2025-11-18,0.48,4
2025-11-19,0.2,7
2025-11-20,1.02,4
2025-11-21,0.17,3
2025-11-22,0.29,1
2025-11-23,0.07,1
2025-11-24,-0.12,4
2025-11-25,0.07,3
2025-11-26,1.05,8
2025-11-27,1.67,3
2025-11-28,0.72,3
2025-11-29,1.32,1
2025-11-30,0.41,1
2025-12-01,-0.21,3
2026-03-18,0.29,1
2025-12-02,1.24,4
2025-12-03,1.52,5
2025-12-05,0.71,3
2025-12-06,1.26,1
2025-12-07,1.78,1
2025-12-08,1.83,7
2025-12-09,1.19,2
2025-12-10,0.49,5
2025-12-11,1.26,6
2025-12-12,0.99,2
2025-12-14,1.54,2
2025-12-15,0.44,1
2025-12-16,0.67,3
2025-12-17,0.68,5
2025-12-18,0.6,2
2025-12-19,1.23,3
2025-12-20,-1.21,1
2025-12-22,0.31,1
2025-12-23,1.61,4
2025-12-24,0.77,3
2025-12-25,1.63,1
2025-12-26,1.71,6
2025-12-27,-0.31,2
2025-12-28,0.64,6
2025-12-29,0.76,8
2025-12-30,0.77,6
2025-12-31,1.16,7
2026-01-01,0.84,2
2026-03-16,0.83,1
2023-09-12,0.51,1
2026-01-01,0.19,1
2026-01-02,1.34,2
2026-01-04,1.63,1
2026-01-05,1.02,6
2026-01-06,1.63,1
2026-01-07,0.65,1
2026-01-08,1.53,3
2026-01-09,1.49,4
2026-01-11,1.63,3
2026-01-12,1.29,4
2026-01-13,1.26,2
2026-01-14,1.15,9
2026-01-15,1.21,14
2026-01-16,1.59,6
2026-01-17,-0.18,1
2026-01-19,1.16,5
2026-01-20,1.4,7
2026-01-21,1.27,2
2026-01-22,0.45,3
2026-01-23,0.27,4
2026-01-26,0.76,2
2026-01-27,1.78,2
2026-01-28,0.79,3
2026-01-29,1.38,2
2026-01-30,0.64,2
2026-01-31,1.69,1
2026-02-01,1.58,2
2026-03-17,1.27,1
2026-03-18,-0.03,2
2026-03-19,0.71,3
2026-02-08,1.07,1
2026-02-18,1.14,1
2026-02-20,0.28,2
2026-02-22,1.63,4
2026-02-23,1.26,17
2026-02-24,1.38,18
2026-02-25,1.26,29
2026-02-26,1.2,12
2026-02-27,0.88,4
2026-02-28,1.01,6
2026-03-01,1.11,4
2026-03-19,1.04,2
2026-03-12,-0.22,1
2026-03-13,1.34,1
2026-03-14,1.42,2
2026-03-15,1.01,1
2026-03-16,0.63,10
2026-03-17,1.29,33
2026-03-18,0.89,20
2026-03-19,0.81,26
2026-03-20,0.91,6
