Date,PTT_Volume,avg_push
2008-02-25,1,9.0
2008-04-18,1,8.0
2012-11-27,1,43.0
2015-04-24,1,43.0
2019-03-06,1,27.0
2019-03-08,1,20.0
2019-03-09,1,44.0
2019-03-11,1,7.0
2019-03-18,2,10.0
2019-03-20,1,23.0
2019-03-21,1,22.0
2019-03-22,1,4.0
2019-03-27,1,10.0
2019-03-29,1,15.0
2019-03-30,1,11.0
2019-04-02,1,10.0
2019-04-04,1,23.0
2019-04-09,1,8.0
2019-04-10,3,33.0
2019-04-11,1,66.0
2019-04-16,1,39.0
2019-04-17,1,11.0
2019-04-18,7,18.714285714285715
2019-04-19,1,51.0
2019-04-24,2,15.5
2019-04-26,1,39.0
2019-04-30,5,19.4
2019-05-01,3,16.333333333333332
2019-05-03,1,7.0
2019-05-04,1,10.0
2019-05-09,3,23.666666666666668
2019-05-10,1,12.0
2019-05-11,2,26.0
2019-05-13,2,10.0
2019-05-14,1,11.0
2019-05-15,2,6.5
2019-05-16,2,9.5
2019-05-17,2,23.5
2019-05-19,1,41.0
2019-05-20,2,9.0
2019-05-21,4,34.75
2019-05-23,9,28.22222222222222
2019-05-24,8,11.625
2019-05-26,8,26.5
2019-05-27,13,13.615384615384615
2019-05-28,2,7.0
2019-05-29,1,36.0
2019-05-30,5,30.0
2019-05-31,1,17.0
2019-06-02,1,11.0
2019-06-03,4,6.75
2019-06-04,1,24.0
2019-06-05,4,18.75
2019-06-06,7,17.714285714285715
2019-06-07,1,12.0
2019-06-10,1,21.0
2019-06-11,1,17.0
2019-06-12,1,15.0
2019-06-13,1,28.0
2019-06-14,2,28.5
2019-06-15,1,-10.0
2019-06-16,1,19.0
2019-06-17,2,10.5
2019-06-18,3,23.666666666666668
2019-06-20,1,12.0
2019-06-21,1,30.0
2019-06-23,1,45.0
2019-06-24,5,19.2
2019-06-26,5,27.8
2019-06-29,1,0.0
2019-07-01,1,10.0
2019-07-02,1,34.0
2019-07-03,5,35.8
2019-07-04,4,27.0
2019-07-05,1,13.0
2019-07-07,1,82.0
2019-07-08,3,12.333333333333334
2019-07-09,2,17.0
2019-07-10,3,50.0
2019-07-11,2,50.5
2019-07-12,2,57.5
2019-07-13,1,24.0
2019-07-15,1,17.0
2019-07-17,2,32.5
2019-07-18,2,52.0
2019-07-19,2,42.0
2019-07-21,1,0.0
2019-07-22,2,40.0
2019-07-26,1,35.0
2019-07-31,1,29.0
2019-08-01,4,15.75
2019-08-02,1,0.0
2019-08-06,1,23.0
2019-08-12,2,26.0
2019-08-13,1,25.0
2019-08-17,2,29.0
2019-08-18,3,7.333333333333333
2019-08-19,1,4.0
2019-08-25,1,25.0
2019-08-26,1,64.0
2019-08-27,2,29.5
2019-08-28,1,24.0
2019-08-29,2,22.5
2019-08-30,6,21.833333333333332
2019-09-03,1,29.0
2019-09-04,1,52.0
2019-09-05,2,14.5
2019-09-10,2,38.5
2019-09-14,1,15.0
2019-09-18,1,18.0
2019-09-19,2,29.0
2019-09-21,1,18.0
2019-09-24,1,36.0
2019-09-25,1,21.0
2019-09-27,3,24.333333333333332
2019-09-28,1,30.0
2019-09-29,1,26.0
2019-09-30,1,6.0
2019-10-01,5,15.4
2019-10-07,3,11.333333333333334
2019-10-08,5,29.2
2019-10-09,2,15.0
2019-10-10,1,1.0
2019-10-11,6,17.166666666666668
2019-10-12,3,12.666666666666666
2019-10-14,1,36.0
2019-10-15,4,23.25
2019-10-17,5,28.6
2019-10-18,2,55.0
2019-10-19,1,51.0
2019-10-21,1,34.0
2019-10-22,1,13.0
2019-10-23,5,20.4
2019-10-28,6,25.333333333333332
2019-10-29,5,13.0
2019-10-30,3,32.666666666666664
2019-10-31,7,19.0
2019-11-01,1,9.0
2019-11-02,1,54.0
2019-11-03,5,32.8
2019-11-04,11,20.90909090909091
2019-11-05,3,9.333333333333334
2019-11-06,2,5.5
2019-11-07,1,18.0
2019-11-08,1,39.0
2019-11-09,2,17.5
2019-11-11,3,14.0
2019-11-12,1,15.0
2019-11-14,2,38.5
2019-11-15,3,32.333333333333336
2019-11-17,1,18.0
2019-11-18,1,32.0
2019-11-19,2,7.0
2019-11-20,1,8.0
2019-11-21,1,9.0
2019-11-22,1,49.0
2019-11-23,2,48.5
2019-11-24,2,8.5
2019-11-25,2,26.5
2019-11-26,1,54.0
2019-11-28,2,14.5
2019-11-29,2,19.0
2019-11-30,1,2.0
2019-12-05,2,20.0
2019-12-06,2,26.5
2019-12-07,2,24.5
2019-12-09,1,37.0
2019-12-10,1,51.0
2019-12-11,9,32.111111111111114
2019-12-12,7,15.0
2019-12-13,8,15.5
2019-12-14,4,37.5
2019-12-15,6,31.0
2019-12-16,4,44.75
2019-12-17,12,22.583333333333332
2019-12-18,2,49.0
2019-12-19,6,8.333333333333334
2019-12-20,7,27.142857142857142
2019-12-21,1,100.0
2019-12-23,1,1.0
2019-12-24,2,20.0
2019-12-28,2,17.0
2019-12-29,2,35.0
2019-12-30,2,15.5
2019-12-31,1,6.0
2020-01-01,1,22.0
2020-01-02,3,16.666666666666668
2020-01-03,2,24.5
2020-01-07,3,29.0
2020-01-08,2,32.0
2020-01-10,2,61.5
2020-01-11,1,9.0
2020-01-13,1,36.0
2020-01-14,3,51.666666666666664
2020-01-15,3,45.333333333333336
2020-01-16,2,70.0
2020-01-17,2,91.0
2020-01-18,1,39.0
2020-01-19,1,35.0
2020-01-20,4,17.0
2020-01-28,1,24.0
2020-01-31,3,10.0
2020-02-01,4,39.25
2020-02-02,3,16.0
2020-02-03,3,11.666666666666666
2020-02-05,2,15.0
2020-02-06,3,19.666666666666668
2020-02-07,1,1.0
2020-02-10,1,82.0
2020-02-12,3,26.333333333333332
2020-02-14,1,92.0
2020-02-17,1,66.0
2020-02-18,5,30.8
2020-02-19,9,20.666666666666668
2020-02-20,2,42.0
2020-02-21,2,16.0
2020-02-22,1,43.0
2020-02-24,5,35.0
2020-02-25,1,17.0
2020-02-26,1,18.0
2020-02-27,6,27.166666666666668
2020-02-28,5,28.2
2020-02-29,5,16.6
2020-03-01,2,32.5
2020-03-02,1,35.0
2020-03-03,1,16.0
2020-03-04,4,35.25
2020-03-05,4,22.25
2020-03-06,2,34.0
2020-03-07,5,50.0
2020-03-09,6,21.0
2020-03-10,5,26.6
2020-03-11,9,17.11111111111111
2020-03-12,5,15.2
2020-03-13,9,16.555555555555557
2020-03-15,3,26.333333333333332
2020-03-16,6,31.166666666666668
2020-03-17,6,16.333333333333332
2020-03-18,27,35.629629629629626
2020-03-19,20,25.6
2020-03-20,4,11.0
2020-03-21,4,21.0
2020-03-22,3,19.333333333333332
2020-03-23,3,9.666666666666666
2020-03-24,3,18.666666666666668
2020-03-25,2,22.0
2020-03-26,2,8.5
2020-03-27,14,34.714285714285715
2020-03-28,4,30.0
2020-03-29,2,56.5
2020-03-30,4,40.25
2020-03-31,2,12.5
2020-04-03,1,49.0
2020-04-04,1,14.0
2020-04-06,2,26.5
2020-04-07,2,17.5
2020-04-10,3,52.666666666666664
2020-04-13,1,42.0
2020-04-15,5,31.4
2020-04-16,9,44.44444444444444
2020-04-17,8,30.625
2020-04-18,3,60.0
2020-04-19,2,23.0
2020-04-20,1,11.0
2020-04-21,1,16.0
2020-04-23,1,31.0
2020-04-24,1,27.0
2020-04-27,1,21.0
2020-04-28,3,40.333333333333336
2020-04-29,1,29.0
2020-05-01,3,21.0
2020-05-03,1,26.0
2020-05-04,1,37.0
2020-05-05,2,39.5
2020-05-08,4,41.0
2020-05-10,2,76.0
2020-05-11,2,17.0
2020-05-12,2,31.5
2020-05-13,2,16.5
2020-05-14,4,53.5
2020-05-15,13,42.69230769230769
2020-05-16,11,32.45454545454545
2020-05-17,11,24.818181818181817
2020-05-18,13,20.692307692307693
2020-05-19,10,25.0
2020-05-20,5,46.4
2020-05-21,2,29.0
2020-05-23,1,41.0
2020-05-24,3,30.0
2020-05-25,2,57.5
2020-05-26,2,22.0
2020-05-27,1,28.0
2020-05-29,1,36.0
2020-06-01,5,36.4
2020-06-02,2,40.5
2020-06-03,1,21.0
2020-06-04,3,17.666666666666668
2020-06-05,6,33.666666666666664
2020-06-06,1,73.0
2020-06-07,1,40.0
2020-06-08,3,29.0
2020-06-09,4,22.0
2020-06-10,6,17.0
2020-06-11,3,18.0
2020-06-12,1,16.0
2020-06-15,4,38.25
2020-06-16,2,14.0
2020-06-17,1,54.0
2020-06-18,2,17.0
2020-06-20,1,26.0
2020-06-22,1,35.0
2020-06-23,1,33.0
2020-06-24,1,82.0
2020-06-27,1,15.0
2020-06-29,2,10.0
2020-06-30,3,13.666666666666666
2020-07-01,2,23.5
2020-07-02,2,26.0
2020-07-03,5,26.4
2020-07-04,1,19.0
2020-07-05,1,21.0
2020-07-06,3,22.666666666666668
2020-07-08,2,38.5
2020-07-09,1,53.0
2020-07-10,7,29.0
2020-07-11,1,35.0
2020-07-12,2,71.0
2020-07-13,4,55.5
2020-07-14,9,25.77777777777778
2020-07-15,4,24.25
2020-07-16,11,38.72727272727273
2020-07-17,4,24.5
2020-07-18,6,23.333333333333332
2020-07-19,1,67.0
2020-07-20,4,4.75
2020-07-21,13,20.307692307692307
2020-07-22,8,31.375
2020-07-23,7,14.285714285714286
2020-07-24,13,30.615384615384617
2020-07-25,13,23.692307692307693
2020-07-26,6,51.166666666666664
2020-07-27,35,29.02857142857143
2020-07-28,29,23.413793103448278
2020-07-29,17,28.235294117647058
2020-07-30,6,14.833333333333334
2020-07-31,2,41.0
2020-08-01,1,64.0
2020-08-02,6,38.333333333333336
2020-08-03,3,35.333333333333336
2020-08-04,2,70.5
2020-08-05,4,33.0
2020-08-06,5,25.6
2020-08-07,2,4.0
2020-08-08,6,16.833333333333332
2020-08-10,7,46.42857142857143
2020-08-11,2,40.0
2020-08-12,2,35.0
2020-08-13,4,26.25
2020-08-14,2,19.0
2020-08-15,1,0.0
2020-08-17,3,76.33333333333333
2020-08-18,1,32.0
2020-08-19,1,72.0
2020-08-20,1,9.0
2020-08-21,2,60.0
2020-08-22,1,38.0
2020-08-24,3,29.333333333333332
2020-08-25,5,35.2
2020-08-26,2,51.0
2020-08-27,1,84.0
2020-08-28,4,30.5
2020-08-31,2,42.0
2020-09-01,1,31.0
2020-09-02,1,17.0
2020-09-04,4,17.75
2020-09-05,2,14.0
2020-09-06,1,27.0
2020-09-07,1,73.0
2020-09-08,2,48.0
2020-09-09,3,51.666666666666664
2020-09-10,3,31.0
2020-09-11,3,54.0
2020-09-12,2,22.5
2020-09-14,1,47.0
2020-09-15,3,49.333333333333336
2020-09-16,10,31.3
2020-09-17,4,29.5
2020-09-18,1,56.0
2020-09-21,1,31.0
2020-09-22,2,20.0
2020-09-25,2,21.5
2020-09-27,1,34.0
2020-09-28,1,33.0
2020-09-30,1,34.0
2020-10-02,1,38.0
2020-10-03,1,-60.0
2020-10-05,2,8.5
2020-10-06,2,0.0
2020-10-07,2,79.5
2020-10-08,2,41.5
2020-10-09,2,48.0
2020-10-10,1,20.0
2020-10-11,2,61.5
2020-10-12,2,55.5
2020-10-13,2,22.5
2020-10-14,1,46.0
2020-10-15,6,65.16666666666667
2020-10-16,2,20.5
2020-10-17,1,33.0
2020-10-19,1,55.0
2020-10-21,2,22.0
2020-10-23,4,27.5
2020-10-24,2,9.0
2020-10-26,2,20.5
2020-10-27,4,14.5
2020-10-28,5,25.0
2020-10-30,3,32.333333333333336
2020-11-02,3,39.0
2020-11-04,1,20.0
2020-11-06,1,0.0
2020-11-09,3,21.333333333333332
2020-11-10,5,43.8
2020-11-11,3,28.0
2020-11-12,1,47.0
2020-11-13,9,22.444444444444443
2020-11-14,6,47.333333333333336
2020-11-15,2,26.5
2020-11-16,18,24.38888888888889
2020-11-17,10,42.5
2020-11-18,3,39.666666666666664
2020-11-19,6,34.0
2020-11-21,1,42.0
2020-11-22,2,55.5
2020-11-23,2,33.0
2020-11-24,2,29.0
2020-11-25,2,33.5
2020-11-26,1,60.0
2020-11-27,1,64.0
2020-11-28,3,34.666666666666664
2020-11-29,1,35.0
2020-11-30,2,33.0
2020-12-02,6,23.333333333333332
2020-12-03,1,23.0
2020-12-04,5,33.4
2020-12-05,2,84.5
2020-12-06,2,25.0
2020-12-07,3,41.666666666666664
2020-12-08,6,34.833333333333336
2020-12-09,6,59.333333333333336
2020-12-10,5,30.4
2020-12-11,2,42.0
2020-12-13,2,76.5
2020-12-14,1,53.0
2020-12-15,5,32.2
2020-12-16,6,57.333333333333336
2020-12-17,2,33.5
2020-12-18,2,29.5
2020-12-19,1,37.0
2020-12-20,1,17.0
2020-12-21,1,82.0
2020-12-22,1,75.0
2020-12-23,2,37.5
2020-12-26,4,40.75
2020-12-27,1,34.0
2020-12-28,3,36.0
2020-12-29,2,66.0
2020-12-30,2,44.0
2020-12-31,1,64.0
2021-01-02,1,23.0
2021-01-03,1,28.0
2021-01-05,5,45.6
2021-01-06,3,48.333333333333336
2021-01-07,5,25.0
2021-01-08,12,49.666666666666664
2021-01-09,9,43.666666666666664
2021-01-10,2,42.0
2021-01-11,6,47.833333333333336
2021-01-12,9,51.77777777777778
2021-01-13,22,44.72727272727273
2021-01-14,25,41.24
2021-01-15,27,38.407407407407405
2021-01-16,11,36.09090909090909
2021-01-17,11,34.09090909090909
2021-01-18,9,44.44444444444444
2021-01-19,10,50.2
2021-01-20,28,39.964285714285715
2021-01-21,52,31.21153846153846
2021-01-22,50,37.84
2021-01-23,11,24.272727272727273
2021-01-24,14,33.285714285714285
2021-01-25,21,48.333333333333336
2021-01-26,35,30.885714285714286
2021-01-27,21,33.38095238095238
2021-01-28,29,23.724137931034484
2021-01-29,17,40.705882352941174
2021-01-30,7,29.428571428571427
2021-01-31,21,25.761904761904763
2021-02-01,4,61.5
2021-02-02,20,34.1
2021-02-03,5,24.6
2021-02-04,2,58.0
2021-02-05,5,38.2
2021-02-06,9,20.666666666666668
2021-02-07,2,13.0
2021-02-08,4,37.25
2021-02-09,9,44.666666666666664
2021-02-10,2,50.0
2021-02-11,3,11.0
2021-02-12,10,44.2
2021-02-13,1,42.0
2021-02-14,2,39.5
2021-02-15,6,12.5
2021-02-16,3,57.666666666666664
2021-02-17,17,33.470588235294116
2021-02-18,2,32.0
2021-02-19,5,32.2
2021-02-20,2,9.0
2021-02-21,3,-1.6666666666666667
2021-02-22,5,41.6
2021-02-23,7,37.0
2021-02-24,6,47.5
2021-02-25,7,30.285714285714285
2021-02-26,13,40.23076923076923
2021-02-27,17,28.941176470588236
2021-02-28,5,20.2
2021-03-01,6,34.833333333333336
2021-03-02,2,51.0
2021-03-03,3,32.666666666666664
2021-03-04,8,46.375
2021-03-05,19,37.421052631578945
2021-03-06,6,29.833333333333332
2021-03-07,9,33.77777777777778
2021-03-08,3,51.666666666666664
2021-03-09,11,51.81818181818182
2021-03-10,13,47.46153846153846
2021-03-11,5,23.6
2021-03-12,2,9.5
2021-03-14,4,31.75
2021-03-15,3,44.0
2021-03-16,5,44.8
2021-03-17,9,35.55555555555556
2021-03-18,1,55.0
2021-03-19,13,32.69230769230769
2021-03-20,16,24.9375
2021-03-21,17,19.764705882352942
2021-03-22,9,37.111111111111114
2021-03-23,4,29.0
2021-03-24,40,23.7
2021-03-25,11,28.545454545454547
2021-03-26,9,38.44444444444444
2021-03-27,3,69.33333333333333
2021-03-28,11,31.90909090909091
2021-03-29,8,39.875
2021-03-30,4,58.5
2021-03-31,13,30.76923076923077
2021-04-01,10,36.5
2021-04-02,3,58.0
2021-04-03,4,50.75
2021-04-05,6,52.666666666666664
2021-04-06,5,25.2
2021-04-07,3,77.0
2021-04-08,7,31.142857142857142
2021-04-09,11,35.81818181818182
2021-04-10,5,54.2
2021-04-11,1,36.0
2021-04-12,8,25.0
2021-04-13,5,35.6
2021-04-14,12,54.833333333333336
2021-04-15,13,32.30769230769231
2021-04-16,2,21.5
2021-04-17,2,29.0
2021-04-18,2,58.0
2021-04-19,4,20.5
2021-04-20,2,68.5
2021-04-21,9,28.666666666666668
2021-04-22,2,44.5
2021-04-23,10,21.6
2021-04-25,3,53.0
2021-04-26,6,48.0
2021-04-27,3,74.0
2021-04-28,4,25.25
2021-04-29,5,29.0
2021-04-30,5,22.8
2021-05-01,1,40.0
2021-05-02,3,60.333333333333336
2021-05-03,6,34.166666666666664
2021-05-04,9,18.444444444444443
2021-05-05,3,45.333333333333336
2021-05-06,3,53.666666666666664
2021-05-07,3,32.0
2021-05-08,2,82.0
2021-05-09,4,17.75
2021-05-10,10,23.1
2021-05-11,9,30.666666666666668
2021-05-12,14,20.357142857142858
2021-05-13,12,30.583333333333332
2021-05-14,3,16.333333333333332
2021-05-15,4,9.75
2021-05-16,6,17.166666666666668
2021-05-17,2,23.5
2021-05-18,3,18.0
2021-05-19,7,28.857142857142858
2021-05-20,4,55.25
2021-05-21,3,22.333333333333332
2021-05-22,4,59.25
2021-05-23,2,9.5
2021-05-24,2,22.0
2021-05-25,12,27.5
2021-05-26,6,38.333333333333336
2021-05-27,4,25.5
2021-05-28,6,36.833333333333336
2021-05-30,1,10.0
2021-05-31,2,29.0
2021-06-01,2,11.5
2021-06-02,7,19.857142857142858
2021-06-03,3,10.333333333333334
2021-06-04,1,12.0
2021-06-05,2,81.5
2021-06-07,2,9.5
2021-06-08,2,27.0
2021-06-09,5,49.4
2021-06-10,5,34.4
2021-06-11,2,26.0
2021-06-12,4,41.5
2021-06-14,4,25.0
2021-06-15,3,33.333333333333336
2021-06-16,2,10.5
2021-06-17,1,19.0
2021-06-18,14,35.285714285714285
2021-06-19,8,34.875
2021-06-20,2,53.0
2021-06-21,7,40.0
2021-06-22,11,23.454545454545453
2021-06-23,7,10.857142857142858
2021-06-25,2,30.5
2021-06-26,2,51.5
2021-06-28,2,23.0
2021-06-29,3,55.333333333333336
2021-06-30,3,70.0
2021-07-01,1,91.0
2021-07-02,7,17.0
2021-07-03,1,21.0
2021-07-04,3,67.33333333333333
2021-07-05,4,20.0
2021-07-06,6,36.333333333333336
2021-07-07,5,26.6
2021-07-08,3,2.6666666666666665
2021-07-09,8,30.375
2021-07-10,7,51.42857142857143
2021-07-11,5,67.4
2021-07-12,7,38.285714285714285
2021-07-13,6,51.166666666666664
2021-07-14,5,33.2
2021-07-15,18,35.388888888888886
2021-07-16,17,35.88235294117647
2021-07-17,4,35.5
2021-07-18,3,48.333333333333336
2021-07-19,10,18.3
2021-07-20,1,52.0
2021-07-21,4,37.25
2021-07-22,1,29.0
2021-07-23,1,0.0
2021-07-24,1,50.0
2021-07-25,4,14.0
2021-07-26,6,24.166666666666668
2021-07-27,2,12.5
2021-07-28,3,12.666666666666666
2021-07-29,1,18.0
2021-07-30,2,44.5
2021-07-31,2,19.0
2021-08-03,2,33.0
2021-08-04,3,55.333333333333336
2021-08-05,2,26.0
2021-08-07,1,44.0
2021-08-08,1,53.0
2021-08-09,5,28.4
2021-08-10,2,88.5
2021-08-11,4,21.75
2021-08-12,4,48.25
2021-08-13,7,29.714285714285715
2021-08-14,1,20.0
2021-08-15,2,26.5
2021-08-16,5,19.4
2021-08-17,1,8.0
2021-08-18,3,36.666666666666664
2021-08-19,2,73.5
2021-08-20,8,40.75
2021-08-21,3,42.666666666666664
2021-08-23,7,43.0
2021-08-24,3,25.333333333333332
2021-08-25,6,45.833333333333336
